Date,Species ID,Count,Species Density
5-Jan-99,AAFA,7,146.02
5-Jan-99,AAGY,2,41.72
5-Jan-99,AATI,2,41.72
5-Jan-99,AB,11,229.46
5-Jan-99,ABC,36,750.96
5-Jan-99,CDD,1,320
5-Jan-99,CDL,2,640
5-Jan-99,CDLP,1,320
5-Jan-99,CGXX,2,2400
5-Jan-99,CLCM,1,20.86
5-Jan-99,GALS,1,20.86
5-Jan-99,MAIT,177,3692.22
5-Jan-99,MOGI,1,20.86
5-Jan-99,OAXX,2,41.72
5-Jan-99,SSAC,1,320
5-Jan-99,SSQA,1,320
5-Jan-99,KACA,1,320
5-Jan-99,YGU,1,1200
5-Jan-99,ZSP,1,320
12-Jan-99,AAFA,5,33
12-Jan-99,AB,9,140.85
12-Jan-99,ABC,27,422.55
12-Jan-99,CDL,2,324
12-Jan-99,CMAV,3,19.8
12-Jan-99,CSXX,1,1200
12-Jan-99,DMPM,5,78.25
12-Jan-99,MAIT,241,3771.65
12-Jan-99,OOLS,1,162
12-Jan-99,PUAA,7,46.2
12-Jan-99,SSAC,11,172.15
12-Jan-99,SSQA,5,78.25
2-Feb-99,AAFA,1,6.6
2-Feb-99,AB,13,203.45
2-Feb-99,ABC,37,579.05
2-Feb-99,AMHI,1,30
2-Feb-99,APCA,1,300
2-Feb-99,CLMM,2,31.3
2-Feb-99,CSXX,1,300
2-Feb-99,CTCA,4,120
2-Feb-99,DMPM,4,62.6
2-Feb-99,GALS,1,15.65
2-Feb-99,GFL,1,300
2-Feb-99,MAIT,128,3840
2-Feb-99,MOCM,3,900
2-Feb-99,OOLS,5,78.25
2-Feb-99,PMBM,1,6.6
2-Feb-99,PUAA,8,125.2
2-Feb-99,RSMN,1,600
2-Feb-99,SAFA,2,31.3
2-Feb-99,SSAC,8,125.2
2-Feb-99,SSII,1,600
2-Feb-99,SSQA,8,125.2
2-Feb-99,KACA,1,600
9-Feb-99,AAFA,1,6.6
9-Feb-99,AATI,1,15.65
9-Feb-99,AB,10,156.5
9-Feb-99,ABC,22,344.3
9-Feb-99,CLMM,2,324
9-Feb-99,DACC,3,46.95
9-Feb-99,DAEM,1,15.65
9-Feb-99,DMPM,3,2700
9-Feb-99,DMPM,1,30
9-Feb-99,HFXX,1,162
9-Feb-99,MAIT,173,2707.45
9-Feb-99,MOCM,3,486
9-Feb-99,MOGI,1,162
9-Feb-99,MOVM,1,900
9-Feb-99,PIXX,1,15.65
9-Feb-99,PUAA,8,125.2
9-Feb-99,RSMN,1,162
9-Feb-99,SMPM,1,30
9-Feb-99,SSAC,1,162
9-Feb-99,SSQA,3,486
9-Feb-99,SSBS,3,486
23-Feb-99,AAFA,1,15.65
23-Feb-99,AB,32,500.8
23-Feb-99,ABC,89,1392.85
23-Feb-99,ASFS,1,15.65
23-Feb-99,CDLG,2,24
23-Feb-99,CDLM,7,84
23-Feb-99,CDLS,10,120
23-Feb-99,CLMM,1,6.6
23-Feb-99,CSXX,4,48
23-Feb-99,CYS,2,1800
23-Feb-99,DMPM,4,62.6
23-Feb-99,GALS,2,13.2
23-Feb-99,GZS,1,900
23-Feb-99,MAIT,152,2378.8
23-Feb-99,MOCM,4,48
23-Feb-99,MOGI,1,15.65
23-Feb-99,OOLS,1,12
23-Feb-99,PMBM,3,19.8
23-Feb-99,PROT,5,33
23-Feb-99,PSLS,1,15.65
23-Feb-99,PUAA,19,297.35
23-Feb-99,SAXX,4,62.6
23-Feb-99,SSAC,3,36
23-Feb-99,KACA,2,24
9-Mar-99,AAFA,1,10.432
9-Mar-99,AB,51,532.032
9-Mar-99,ABC,132,1377.024
9-Mar-99,CAGS,4,800
9-Mar-99,CDL,34,6800
9-Mar-99,CDLP,4,800
9-Mar-99,CLMM,2,20.864
9-Mar-99,CMAV,1,10.432
9-Mar-99,CSXX,1,800
9-Mar-99,CYS,1,800
9-Mar-99,DACC,48,500.736
9-Mar-99,DAEM,15,156.48
9-Mar-99,DMPM,7,73.024
9-Mar-99,GALS,1,10.432
9-Mar-99,GFL,1,800
9-Mar-99,MAIT,229,2388.928
9-Mar-99,MOCM,6,1200
9-Mar-99,MOVM,1,800
9-Mar-99,OAXX,1,10.432
9-Mar-99,OOLS,1,200
9-Mar-99,PSLS,1,10.432
9-Mar-99,PUAA,24,250.368
9-Mar-99,RBLS,1,800
9-Mar-99,RSMN,4,800
9-Mar-99,SSAC,1,200
9-Mar-99,SSII,1,800
9-Mar-99,TMSE,1,200
9-Mar-99,TMPM,1,200
9-Mar-99,UGXX,2,400
9-Mar-99,CGXX,2,400
23-Mar-99,AAFA,10,66
23-Mar-99,AB,23,1104
23-Mar-99,ABC,56,2688
23-Mar-99,AMHI,4,192
23-Mar-99,CDD,1,300
23-Mar-99,CDL,8,2400
23-Mar-99,CDLG,6,1800
23-Mar-99,CDLS,3,900
23-Mar-99,CLMM,4,192
23-Mar-99,CSXX,1,48
23-Mar-99,CYS,6,3600
23-Mar-99,DACC,46,2208
23-Mar-99,DAEM,11,528
23-Mar-99,DMPM,1,600
23-Mar-99,GFL,2,1200
23-Mar-99,GYPE,2,96
23-Mar-99,MAIT,59,923.35
23-Mar-99,MOCM,10,3000
23-Mar-99,MOGI,2,96
23-Mar-99,MSAS,1,600
23-Mar-99,OAXX,2,96
23-Mar-99,OOLS,1,600
23-Mar-99,PMBM,1,6.6
23-Mar-99,PSLS,5,78.25
23-Mar-99,PUAA,14,672
23-Mar-99,RSMN,11,3300
23-Mar-99,SAFA,2,96
23-Mar-99,SALG,2,96
23-Mar-99,SAXX,6,288
23-Mar-99,SSAC,15,720
23-Mar-99,SSBS,5,3000
23-Mar-99,TMSE,2,1200
23-Mar-99,KACA,1,300
31-Mar-99,AAFA,1,4.4
31-Mar-99,AB,46,920
31-Mar-99,ABC,126,2520
31-Mar-99,AMHI,1,32
31-Mar-99,CAGS,3,600
31-Mar-99,CDL,7,1400
31-Mar-99,CDLP,3,600
31-Mar-99,CLMM,1,32
31-Mar-99,CYS,13,2600
31-Mar-99,DACC,221,4420
31-Mar-99,DAEM,40,800
31-Mar-99,MAIT,16,166.912
31-Mar-99,MMPM,1,200
31-Mar-99,MOCM,9,1800
31-Mar-99,OAXX,2,8.8
31-Mar-99,OOLS,1,200
31-Mar-99,PEXX,2,64
31-Mar-99,PMXX,1,200
31-Mar-99,PSLS,4,128
31-Mar-99,PUAA,27,281.664
31-Mar-99,RSMN,4,800
31-Mar-99,SAUA,1,10.432
31-Mar-99,SSAC,11,352
31-Mar-99,SSQA,24,768
31-Mar-99,SSII,1,200
31-Mar-99,TMGM,1,32
6-Apr-99,AAFA,2,13.2
6-Apr-99,AB,21,1008
6-Apr-99,ABC,48,2304
6-Apr-99,AMHI,1,200
6-Apr-99,CDL,7,6300
6-Apr-99,CSXX,1,200
6-Apr-99,CYS,16,14400
6-Apr-99,DACC,86,4128
6-Apr-99,DAEM,48,2304
6-Apr-99,DIIA,2,1800
6-Apr-99,DMPM,2,400
6-Apr-99,EXGA,1,200
6-Apr-99,FACS,1,200
6-Apr-99,GFL,3,2700
6-Apr-99,GYXX,1,200
6-Apr-99,MMPM,1,900
6-Apr-99,MOCM,3,600
6-Apr-99,PEXX,1,200
6-Apr-99,PMBM,1,6.6
6-Apr-99,PMXX,1,200
6-Apr-99,PUAA,73,1168
6-Apr-99,RSMN,1,900
6-Apr-99,SAXX,2,400
6-Apr-99,SSAC,10,2000
6-Apr-99,SSII,4,3600
6-Apr-99,SSQA,1,200
6-Apr-99,NSSA,1,900
6-Apr-99,UG,1,900
14-Apr-99,AAFA,11,72.6
14-Apr-99,AB,29,1392
14-Apr-99,ABC,39,1872
14-Apr-99,APCA,5,240
14-Apr-99,CAGS,3,900
14-Apr-99,CDL,1,300
14-Apr-99,CTCA,1,300
14-Apr-99,DACC,219,10512
14-Apr-99,DAEM,69,3312
14-Apr-99,DMPM,2,600
14-Apr-99,GALS,1,6.6
14-Apr-99,MAIT,7,109.55
14-Apr-99,MOCM,23,6900
14-Apr-99,MOGI,1,300
14-Apr-99,OOLS,2,600
14-Apr-99,PMBM,4,26.4
14-Apr-99,PSLS,1,300
14-Apr-99,PUAA,167,2613.55
14-Apr-99,SSAC,6,1800
14-Apr-99,TMPM,2,600
14-Apr-99,TMGM,2,600
20-Apr-99,AAFA,12,187.8
20-Apr-99,AB,14,840
20-Apr-99,ABC,23,1380
20-Apr-99,AKBA,1,480
20-Apr-99,AMHI,1,300
20-Apr-99,APCA,17,5100
20-Apr-99,CDL,2,600
20-Apr-99,CFL,1,1200
20-Apr-99,CLMM,1,480
20-Apr-99,CSXX,1,480
20-Apr-99,CYS,2,600
20-Apr-99,DACC,174,10440
20-Apr-99,DAEM,50,3000
20-Apr-99,DMPM,4,1200
20-Apr-99,MAIT,7,109.55
20-Apr-99,MMPM,1,300
20-Apr-99,MOCM,38,11400
20-Apr-99,MOGI,1,300
20-Apr-99,MOMM,1,1200
20-Apr-99,NMLM,1,300
20-Apr-99,OAAG,1,15.65
20-Apr-99,PMBM,3,46.95
20-Apr-99,PUAA,104,1627.6
20-Apr-99,RSMN,2,600
20-Apr-99,SAVD,3,180
20-Apr-99,SSAC,19,5700
20-Apr-99,SSRQ,1,15.65
20-Apr-99,SSNE,1,480
20-Apr-99,TMGM,1,300
27-Apr-99,AAFA,20,88
27-Apr-99,AB,2,41.72
27-Apr-99,ABC,2,41.72
27-Apr-99,APCA,7,2800
27-Apr-99,CDL,3,1200
27-Apr-99,CLMM,1,400
27-Apr-99,CMAV,4,83.44
27-Apr-99,CSXX,1,800
27-Apr-99,CYS,3,2400
27-Apr-99,DACC,177,11328
27-Apr-99,DAEM,47,3008
27-Apr-99,MAIT,9,187.74
27-Apr-99,MOCM,27,10800
27-Apr-99,MOGI,2,800
27-Apr-99,NSSA,1,400
27-Apr-99,OOLS,2,800
27-Apr-99,PUAA,244,5089.84
27-Apr-99,RSMN,7,5600
27-Apr-99,SAXX,2,41.72
27-Apr-99,SSAC,10,4000
27-Apr-99,TEMM,1,400
5-May-99,AAAF,1,64
5-May-99,AAFA,4,35.2
5-May-99,AB,14,896
5-May-99,ABC,22,1408
5-May-99,AMHI,1,26.08
5-May-99,APCA,3,1200
5-May-99,CLMM,6,156.48
5-May-99,CMAV,3,192
5-May-99,CYS,1,1600
5-May-99,DACC,140,8960
5-May-99,DAEM,43,2752
5-May-99,DMPM,7,182.56
5-May-99,GALS,2,3200
5-May-99,MAIT,1,8.8
5-May-99,MMPM,2,52.16
5-May-99,MOCM,31,12400
5-May-99,MRTA,4,104.32
5-May-99,NSSA,1,1600
5-May-99,OOLS,1,26.08
5-May-99,PMBM,1,26.08
5-May-99,PMDX,1,26.08
5-May-99,PSLS,1,26.08
5-May-99,PUAA,178,11392
5-May-99,RSMN,2,3200
5-May-99,SISI,1,26.08
5-May-99,SSAC,7,182.56
5-May-99,SSFS,1,26.08
5-May-99,SSII,2,800
5-May-99,SSNE,1,26.08
5-May-99,SSQA,4,104.32
5-May-99,ZSP,1,1600
18-May-99,AAFA,7,61.6
18-May-99,APCA,24,9600
18-May-99,ASFS,1,20.864
18-May-99,CDL,1,400
18-May-99,CLMM,4,83.456
18-May-99,CMAV,2,17.6
18-May-99,CTCA,1,400
18-May-99,DACC,166,13280
18-May-99,DAEM,66,5280
18-May-99,DMPM,5,104.32
18-May-99,GALS,6,52.8
18-May-99,GFL,2,800
18-May-99,MMPM,1,400
18-May-99,MOCM,15,6000
18-May-99,NSSA,1,1200
18-May-99,OAAG,2,17.6
18-May-99,OOLS,2,41.728
18-May-99,PMBM,1,20.864
18-May-99,PSLS,2,41.728
18-May-99,PUAA,30,625.92
18-May-99,RSMN,4,1600
18-May-99,SAAS,1,80
18-May-99,SAUA,1,20.864
18-May-99,SMPM,1,20.864
18-May-99,SSAC,1,400
18-May-99,SSDL,1,400
18-May-99,SSII,3,3600
18-May-99,KACA,1,400
25-May-99,AAFA,8,35.2
25-May-99,AB,9,720
25-May-99,ABC,20,1600
25-May-99,APCA,15,3240
25-May-99,CMAA,2,41.72
25-May-99,CMAV,6,125.16
25-May-99,CSXX,1,216
25-May-99,CYS,2,1600
25-May-99,DACC,132,10560
25-May-99,DAEM,49,3920
25-May-99,DMPM,2,432
25-May-99,FACC,3,648
25-May-99,FACS,1,216
25-May-99,MOCM,10,2160
25-May-99,MRXX,1,216
25-May-99,NSSA,3,2400
25-May-99,OAAG,3,13.2
25-May-99,OASA,85,1773.1
25-May-99,PMBM,2,432
25-May-99,RSMN,3,648
25-May-99,SAAS,1,216
25-May-99,SSAC,3,648
25-May-99,SSDL,2,432
25-May-99,SSII,3,648
25-May-99,SSNE,2,432
1-Jun-99,AAFA,6,125.16
1-Jun-99,APCA,46,41216
1-Jun-99,ASFS,3,62.58
1-Jun-99,CHCL,1,20.86
1-Jun-99,CLMM,3,62.58
1-Jun-99,CMAV,29,604.94
1-Jun-99,DAEM,26,2496
1-Jun-99,DMPM,6,125.16
1-Jun-99,DSCM,1,20.86
1-Jun-99,GALS,2,41.72
1-Jun-99,MOCM,22,2112
1-Jun-99,MOGI,3,62.58
1-Jun-99,MRXX,7,146.02
1-Jun-99,OAAG,3,62.58
1-Jun-99,OASA,6,125.16
1-Jun-99,PMBM,2,41.72
1-Jun-99,PSLS,1,20.86
1-Jun-99,PUAA,6,125.16
1-Jun-99,SMPM,2,17.6
8-Jun-99,AAFA,8,70.4
8-Jun-99,AAGY,5,44
8-Jun-99,APCA,35,9324
8-Jun-99,ASFS,14,146.048
8-Jun-99,CLMM,1,266.4
8-Jun-99,CMAA,67,698.944
8-Jun-99,COXX,1,266.4
8-Jun-99,DACC,69,1439.34
8-Jun-99,DALG,32,667.52
8-Jun-99,DASM,24,500.64
8-Jun-99,EXGA,1,10.432
8-Jun-99,MAIT,1,10.432
8-Jun-99,OAAG,3,26.4
8-Jun-99,OASA,5,52.16
8-Jun-99,PSLS,1,266.4
8-Jun-99,PUAA,5,52.16
8-Jun-99,SAVD,1,10.432
8-Jun-99,SAXX,4,41.728
8-Jun-99,SISI,1,266.4
8-Jun-99,SSAC,1,266.4
8-Jun-99,SSQA,2,532.8
15-Jun-99,AAFA,1,6.6
15-Jun-99,AAGY,1,6.6
15-Jun-99,APCA,49,11760
15-Jun-99,ASFS,1,30
15-Jun-99,CDL,1,240
15-Jun-99,CLMM,5,150
15-Jun-99,CMAA,18,118.8
15-Jun-99,CSXX,1,30
15-Jun-99,CYS,3,720
15-Jun-99,DACC,38,594.7
15-Jun-99,DALG,10,156.5
15-Jun-99,DASM,16,250.4
15-Jun-99,DMPM,1,30
15-Jun-99,GALS,4,120
15-Jun-99,MAIT,1,15.65
15-Jun-99,MOCM,5,1200
15-Jun-99,MRXX,4,120
15-Jun-99,OAAG,9,59.4
15-Jun-99,OOLS,2,60
15-Jun-99,PMBM,1,30
15-Jun-99,RSMN,7,1680
15-Jun-99,SISI,1,30
15-Jun-99,SMPM,1,6.6
15-Jun-99,SSAC,1,30
15-Jun-99,SSII,1,30
15-Jun-99,SSQA,1,30
15-Jun-99,SS6,1,30
22-Jun-99,AAFA,5,22
22-Jun-99,AAGY,4,17.6
22-Jun-99,AB,2,8.8
22-Jun-99,ABC,8,35.2
22-Jun-99,APCA,32,25600
22-Jun-99,ASFS,1,216
22-Jun-99,CLMM,5,104.3
22-Jun-99,CMAA,45,198
22-Jun-99,CSXX,2,432
22-Jun-99,CTCA,1,20.86
22-Jun-99,DACC,13,135.59
22-Jun-99,DAEM,3,31.29
22-Jun-99,EXGA,1,216
22-Jun-99,GALS,2,17.6
22-Jun-99,MAIT,4,83.44
22-Jun-99,MOCM,3,648
22-Jun-99,MRXX,1,216
22-Jun-99,OAAG,15,66
22-Jun-99,OOLS,2,41.72
22-Jun-99,PMBM,2,17.6
22-Jun-99,SAXX,1,4.4
22-Jun-99,SMPM,1,4.4
22-Jun-99,SSAC,2,432
22-Jun-99,SSII,1,216
22-Jun-99,KACA,2,41.72
9-Feb-99,SSII,1,162
6-Apr-99,MAIT,13,203.45
4-Jan-68,AB,88,880
4-Jan-68,ABC,352,3520
4-Jan-68,CDL,31,5270
4-Jan-68,CSX,14,140
4-Jan-68,DM,17,170
4-Jan-68,DMC,62,620
4-Jan-68,FA,4,40
4-Jan-68,FAC,60,600
4-Jan-68,GF,26,4420
4-Jan-68,MOC,16,2720
4-Jan-68,MOG,12,120
4-Jan-68,PLL,86,860
4-Jan-68,PMB,1,10
4-Jan-68,RAX,5,850
4-Jan-68,RSMN,17,2890
4-Jan-68,SAU,4,40
4-Jan-68,SD,4,40
4-Jan-68,SSAC,1,10
4-Jan-68,SSQ,2,20
4-Jan-68,TEP,1,170
4-Jan-68,UG,64,10880
4-Jan-68,YGF,14,2380
16-Jan-68,AB,64,640
16-Jan-68,ABC,256,2560
16-Jan-68,CDL,1,10
16-Jan-68,CSX,7,70
16-Jan-68,DM,11,110
16-Jan-68,DMC,40,400
16-Jan-68,FA,5,50
16-Jan-68,FAC,75,750
16-Jan-68,GM,3,30
16-Jan-68,MOG,10,100
16-Jan-68,NZ,1,10
16-Jan-68,PLL,23,230
16-Jan-68,SAA,3,30
16-Jan-68,SAU,5,50
16-Jan-68,SCS,60,10200
16-Jan-68,SD,1,10
16-Jan-68,SSAC,6,60
16-Jan-68,SSQ,2,20
23-Jan-68,AB,97,970
23-Jan-68,ABC,388,3880
23-Jan-68,CDL,7,2261
23-Jan-68,CLM,1,10
23-Jan-68,CSX,31,310
23-Jan-68,CYS,1,323
23-Jan-68,DA,2,20
23-Jan-68,DAC,16,160
23-Jan-68,DM,14,140
23-Jan-68,DMC,36,360
23-Jan-68,FA,11,110
23-Jan-68,FAC,165,1650
23-Jan-68,GF,6,1938
23-Jan-68,GM,7,70
23-Jan-68,MOC,5,1615
23-Jan-68,MOG,13,130
23-Jan-68,PLL,68,680
23-Jan-68,RAX,2,646
23-Jan-68,RSMN,2,646
23-Jan-68,SAU,7,70
23-Jan-68,SCS,22,7106
23-Jan-68,SD,7,70
23-Jan-68,SSAC,15,150
23-Jan-68,SSQ,2,20
23-Jan-68,UG,46,14858
23-Jan-68,YGF,6,1938
30-Jan-68,AB,30,240
30-Jan-68,ABC,142,1136
30-Jan-68,CDL,15,1920
30-Jan-68,CSX,15,120
30-Jan-68,CSX,1,128
30-Jan-68,CYS,4,512
30-Jan-68,DA,4,32
30-Jan-68,DAC,26,208
30-Jan-68,DM,49,392
30-Jan-68,DMC,190,1520
30-Jan-68,FA,18,144
30-Jan-68,FAC,334,2672
30-Jan-68,GA,1,8
30-Jan-68,GF,6,768
30-Jan-68,GM,2,16
30-Jan-68,HX,2,256
30-Jan-68,MOC,5,640
30-Jan-68,MOG,21,168
30-Jan-68,NM,1,128
30-Jan-68,PLL,103,824
30-Jan-68,RAX,6,768
30-Jan-68,RSMN,6,768
30-Jan-68,SAU,12,96
30-Jan-68,SD,3,24
30-Jan-68,SMX,1,8
30-Jan-68,SSAC,15,120
30-Jan-68,SSQ,5,40
30-Jan-68,TEP,1,128
30-Jan-68,UG,45,5760
30-Jan-68,YGF,18,2304
30-Jan-68,YGF4,6,768
5-Feb-68,AB,28,280
5-Feb-68,ABC,107,1070
5-Feb-68,CDL,10,1700
5-Feb-68,CSX,24,240
5-Feb-68,DA,3,30
5-Feb-68,DAC,16,160
5-Feb-68,DM,5,50
5-Feb-68,DMC,20,200
5-Feb-68,FA,13,130
5-Feb-68,FAC,195,1950
5-Feb-68,GA,1,10
5-Feb-68,GF,5,850
5-Feb-68,GM,6,60
5-Feb-68,MOC,5,850
5-Feb-68,MOG,11,110
5-Feb-68,NM,1,170
5-Feb-68,NZ,2,20
5-Feb-68,PLL,49,490
5-Feb-68,PMB,4,40
5-Feb-68,RAX,5,850
5-Feb-68,RSMN,4,680
5-Feb-68,SAA,1,10
5-Feb-68,SAU,8,80
5-Feb-68,SD,1,10
5-Feb-68,SSQ,9,90
5-Feb-68,UG,51,8670
5-Feb-68,YGF,9,1530
12-Feb-68,AB,24,240
12-Feb-68,ABC,124,1240
12-Feb-68,CDL,20,3400
12-Feb-68,CSX,31,310
12-Feb-68,DA,2,20
12-Feb-68,DAC,15,150
12-Feb-68,DM,10,100
12-Feb-68,DMC,40,400
12-Feb-68,FA,7,70
12-Feb-68,FAC,105,1050
12-Feb-68,GA,2,20
12-Feb-68,GF,1,170
12-Feb-68,GM,13,130
12-Feb-68,HX,2,340
12-Feb-68,KA,4,680
12-Feb-68,MAG,4,40
12-Feb-68,MOC,4,680
12-Feb-68,MOG,19,190
12-Feb-68,NZ,1,10
12-Feb-68,PLL,15,150
12-Feb-68,RAX,5,850
12-Feb-68,RSMN,15,2550
12-Feb-68,SAU,25,250
12-Feb-68,SCS,269,182920
12-Feb-68,SD,2,20
12-Feb-68,SSAC,4,40
12-Feb-68,SSQ,11,110
12-Feb-68,UG,77,13090
12-Feb-68,WA,3,510
12-Feb-68,YGF,6,1020
20-Feb-68,AB,107,1070
20-Feb-68,ABC,287,2870
20-Feb-68,CDL,41,4100
20-Feb-68,CDLP,6,600
20-Feb-68,CSX,24,240
20-Feb-68,DA,1,10
20-Feb-68,DAC,8,80
20-Feb-68,DM,9,90
20-Feb-68,DMC,36,360
20-Feb-68,FA,17,170
20-Feb-68,FAC,255,2550
20-Feb-68,GF,2,200
20-Feb-68,GM,3,30
20-Feb-68,MOC,7,700
20-Feb-68,MOG,4,40
20-Feb-68,PLL,13,130
20-Feb-68,RSMN,4,400
20-Feb-68,SAA,1,10
20-Feb-68,SAU,19,190
20-Feb-68,SSAC,3,30
20-Feb-68,SSQ,8,80
20-Feb-68,UG,52,5200
20-Feb-68,YGF,4,400
26-Feb-68,AB,224,2240
26-Feb-68,ABC,589,5890
26-Feb-68,CDL,79,7900
26-Feb-68,CDLP,4,400
26-Feb-68,CSX,13,130
26-Feb-68,DA,20,200
26-Feb-68,DAC,53,530
26-Feb-68,DM,16,160
26-Feb-68,DMC,64,640
26-Feb-68,DS,5,50
26-Feb-68,FA,52,520
26-Feb-68,FAC,780,7800
26-Feb-68,MOC,2,200
26-Feb-68,MOG,1,10
26-Feb-68,PE,1,100
26-Feb-68,PLL,8,80
26-Feb-68,RAX,2,200
26-Feb-68,RSMN,7,700
26-Feb-68,SAA,11,110
26-Feb-68,SAU,63,630
26-Feb-68,SSAC,2,20
26-Feb-68,SSQ,1,10
26-Feb-68,UG,78,7800
26-Feb-68,WA,9,900
26-Feb-68,YGF,13,1300
4-Mar-68,AB,181,1448
4-Mar-68,ABC,659,5272
4-Mar-68,CAC,1,125
4-Mar-68,CDL,136,17000
4-Mar-68,CDLP,16,2000
4-Mar-68,CSX,13,104
4-Mar-68,DA,17,136
4-Mar-68,DAC,102,816
4-Mar-68,DM,6,48
4-Mar-68,DMC,24,192
4-Mar-68,FA,63,504
4-Mar-68,FAC,945,7560
4-Mar-68,GF,11,1375
4-Mar-68,GY,12,96
4-Mar-68,HX,1,125
4-Mar-68,KA,1,125
4-Mar-68,MOC,23,2875
4-Mar-68,MOG,6,48
4-Mar-68,PLL,10,80
4-Mar-68,RAX,3,375
4-Mar-68,RSMN,9,1125
4-Mar-68,SAA,2,16
4-Mar-68,SAU,120,960
4-Mar-68,SI,1,8
4-Mar-68,SSAC,7,56
4-Mar-68,UG,57,7125
4-Mar-68,WA,6,750
4-Mar-68,YGF,13,1625
11-Mar-68,AB,88,2024
11-Mar-68,ABC,283,6509
11-Mar-68,CDL,159,15900
11-Mar-68,CDLP,28,2800
11-Mar-68,CSX,8,184
11-Mar-68,DA,12,276
11-Mar-68,DAC,80,1840
11-Mar-68,DM,4,92
11-Mar-68,DMC,16,368
11-Mar-68,DS,4,400
11-Mar-68,FA,39,897
11-Mar-68,FAC,585,13455
11-Mar-68,GF,4,400
11-Mar-68,GM,2,46
11-Mar-68,HX,1,100
11-Mar-68,MAG,1,23
11-Mar-68,MOC,21,2100
11-Mar-68,MOG,1,23
11-Mar-68,NV,4,92
11-Mar-68,NZ,4,92
11-Mar-68,OOL,1,100
11-Mar-68,PE,3,69
11-Mar-68,PLL,4,92
11-Mar-68,PMB,1,23
11-Mar-68,RAX,1,100
11-Mar-68,RSMN,3,300
11-Mar-68,SAA,2,46
11-Mar-68,SAU,55,1265
11-Mar-68,SSQ,1,23
11-Mar-68,TS,2,200
11-Mar-68,UG,36,3600
11-Mar-68,YGF,8,800
18-Mar-68,AB,54,1836
18-Mar-68,ABC,185,6290
18-Mar-68,CAC,1,170
18-Mar-68,CDD,17,2890
18-Mar-68,CDL,132,22440
18-Mar-68,CDLP,2,340
18-Mar-68,CSX,5,170
18-Mar-68,DA,11,374
18-Mar-68,DAC,53,1802
18-Mar-68,DI,2,340
18-Mar-68,DM,4,136
18-Mar-68,DMC,16,544
18-Mar-68,DS,1,34
18-Mar-68,FA,23,782
18-Mar-68,FAC,345,11730
18-Mar-68,GF,4,680
18-Mar-68,HX,2,340
18-Mar-68,MAG,2,68
18-Mar-68,MOC,13,2210
18-Mar-68,MOG,4,136
18-Mar-68,NZ,3,102
18-Mar-68,RSMN,6,1020
18-Mar-68,SAU,13,442
18-Mar-68,SAUD,26,884
18-Mar-68,SCS,153,26010
18-Mar-68,SI,1,34
18-Mar-68,SSAC,6,204
18-Mar-68,SSQ,1,34
18-Mar-68,UG,9,1530
18-Mar-68,WA,1,170
18-Mar-68,YGF,8,1360
25-Mar-68,AB,29,1102
25-Mar-68,ABC,136,5168
25-Mar-68,AM,3,114
25-Mar-68,CDD,9,1395
25-Mar-68,CDL,161,24955
25-Mar-68,CSX,3,114
25-Mar-68,DA,17,646
25-Mar-68,DAC,128,4864
25-Mar-68,DI,2,310
25-Mar-68,DM,2,76
25-Mar-68,DMC,8,304
25-Mar-68,DS,1,38
25-Mar-68,FA,30,1140
25-Mar-68,FAC,450,17100
25-Mar-68,GM,3,114
25-Mar-68,MAG,1,38
25-Mar-68,MM,16,2480
25-Mar-68,MOC,20,3100
25-Mar-68,MOG,1,38
25-Mar-68,NZ,3,114
25-Mar-68,PLL,7,266
25-Mar-68,PMB,1,38
25-Mar-68,RAX,2,310
25-Mar-68,RSMN,2,310
25-Mar-68,SAU,13,494
25-Mar-68,SAUD,35,1330
25-Mar-68,SMX,1,38
25-Mar-68,SSAC,3,114
25-Mar-68,SSQ,1,38
25-Mar-68,UG,8,1240
25-Mar-68,WA,5,775
25-Mar-68,YGF,1,155
1-Apr-68,AB,23,1058
1-Apr-68,ABC,90,4140
1-Apr-68,CAC,1,200
1-Apr-68,CAQ,1,200
1-Apr-68,CDL,251,50200
1-Apr-68,DA,17,782
1-Apr-68,DAC,130,5980
1-Apr-68,DM,3,138
1-Apr-68,DMC,12,552
1-Apr-68,FA,33,1518
1-Apr-68,FAC,495,22770
1-Apr-68,GF,5,1000
1-Apr-68,GM,2,92
1-Apr-68,MOC,112,22400
1-Apr-68,NZ,1,46
1-Apr-68,RSMN,7,1400
1-Apr-68,SAA,1,46
1-Apr-68,SAU,12,552
1-Apr-68,SAUD,32,1472
1-Apr-68,SSAC,4,184
1-Apr-68,SSQ,1,46
1-Apr-68,UG,63,12600
1-Apr-68,WA,1,200
1-Apr-68,YGF,7,1400
8-Apr-68,AB,16,736
8-Apr-68,ABC,79,3634
8-Apr-68,CAC,1,285
8-Apr-68,CDL,149,42465
8-Apr-68,CSX,2,92
8-Apr-68,DA,28,1288
8-Apr-68,DAC,188,8648
8-Apr-68,FA,25,1150
8-Apr-68,FAC,375,17250
8-Apr-68,GF,1,285
8-Apr-68,GM,1,46
8-Apr-68,MOC,42,11970
8-Apr-68,NZ,4,184
8-Apr-68,PLL,2,92
8-Apr-68,SAU,14,644
8-Apr-68,SAUD,33,1518
8-Apr-68,SCS,284,161880
8-Apr-68,SSAC,7,322
8-Apr-68,SSQ,1,46
8-Apr-68,UG,13,3705
8-Apr-68,WA,1,285
8-Apr-68,YGF,2,570
22-Apr-68,AB,35,2100
22-Apr-68,ABC,114,6840
22-Apr-68,CDD,31,12400
22-Apr-68,CDL,117,46800
22-Apr-68,DA,41,2460
22-Apr-68,DAC,228,13680
22-Apr-68,FA,46,2760
22-Apr-68,FAC,690,41400
22-Apr-68,GF,1,400
22-Apr-68,GM,2,120
22-Apr-68,MOC,22,8800
22-Apr-68,MOG,5,300
22-Apr-68,NZ,3,180
22-Apr-68,PE,1,60
22-Apr-68,PLL,4,240
22-Apr-68,RSMN,1,400
22-Apr-68,SAU,28,1680
22-Apr-68,SAUD,22,1320
22-Apr-68,SCS,218,261600
22-Apr-68,SSAC,3,180
22-Apr-68,UG,13,5200
22-Apr-68,WA,2,800
22-Apr-68,YGF,2,800
29-Apr-68,AB,20,1080
29-Apr-68,ABC,57,3078
29-Apr-68,CAC,2,400
29-Apr-68,CDD,93,18600
29-Apr-68,CDL,61,12200
29-Apr-68,DA,32,1728
29-Apr-68,DAC,129,6966
29-Apr-68,DM,3,162
29-Apr-68,DMC,12,648
29-Apr-68,FA,23,1242
29-Apr-68,FAC,345,18630
29-Apr-68,GC,1,54
29-Apr-68,GF,1,200
29-Apr-68,MOC,49,9800
29-Apr-68,NZ,3,162
29-Apr-68,PLL,6,324
29-Apr-68,RAX,2,400
29-Apr-68,RSMN,3,600
29-Apr-68,SAA,11,594
29-Apr-68,SAU,17,918
29-Apr-68,SAUD,19,1026
29-Apr-68,SCS,207,414000
29-Apr-68,UG,16,3200
29-Apr-68,WA,3,600
29-Apr-68,YGF,9,1800
6-May-68,AB,13,650
6-May-68,ABC,35,1750
6-May-68,CAC,1,230
6-May-68,CAQ,2,460
6-May-68,CDD,41,9430
6-May-68,CDL,23,5290
6-May-68,DA,12,600
6-May-68,DAC,44,2200
6-May-68,FA,17,850
6-May-68,FAC,255,12750
6-May-68,MOC,36,8280
6-May-68,MOG,3,150
6-May-68,NM,1,230
6-May-68,NZ,1,50
6-May-68,PLL,1,50
6-May-68,RSMN,9,2070
6-May-68,SAU,18,900
6-May-68,SAUD,11,550
6-May-68,SCS,296,592000
6-May-68,UG,14,3220
6-May-68,WA,2,460
6-May-68,YGF,5,1150
13-May-68,AB,8,400
13-May-68,ABC,17,850
13-May-68,CDL,6,2400
13-May-68,DA,18,900
13-May-68,DAC,40,2000
13-May-68,DI,1,400
13-May-68,FA,28,1400
13-May-68,FAC,420,21000
13-May-68,GF,8,3200
13-May-68,MOC,73,29200
13-May-68,MOG,6,300
13-May-68,NZ,2,100
13-May-68,PLL,5,250
13-May-68,RSMN,4,1600
13-May-68,SAU,34,1700
13-May-68,SAUD,18,900
13-May-68,SCS,1080,1350000
13-May-68,SSQ,2,100
13-May-68,TER,1,400
13-May-68,UG,8,3200
13-May-68,WA,3,1200
13-May-68,YGF,1,400
20-May-68,AB,3,168
20-May-68,ABC,8,448
20-May-68,CAC,1,100
20-May-68,CDL,21,2100
20-May-68,CLM,1,56
20-May-68,CSX,1,56
20-May-68,DA,12,672
20-May-68,DAC,27,1512
20-May-68,DI,3,300
20-May-68,FA,5,280
20-May-68,FAC,65,3640
20-May-68,GF,3,300
20-May-68,MOC,121,12100
20-May-68,MOG,3,168
20-May-68,PLL,7,392
20-May-68,RSMN,19,1900
20-May-68,SAA,1,56
20-May-68,SAU,16,896
20-May-68,SAUD,13,728
20-May-68,SCS,316,979600
20-May-68,SSAC,1,56
20-May-68,UG,22,2200
20-May-68,WA,15,1500
20-May-68,YGF,11,1100
27-May-68,AB,8,400
27-May-68,ABC,19,950
27-May-68,CDL,21,2100
27-May-68,DA,12,600
27-May-68,DAC,37,1850
27-May-68,DI,5,500
27-May-68,FA,7,350
27-May-68,FAC,105,5250
27-May-68,GF,1,100
27-May-68,MOC,85,8500
27-May-68,MOG,6,300
27-May-68,NZ,1,50
27-May-68,PLL,14,700
27-May-68,RSMN,7,700
27-May-68,SAU,31,1550
27-May-68,SAUD,25,1250
27-May-68,SCS,183,915000
27-May-68,SSAC,2,100
27-May-68,TEC,1,100
27-May-68,TER,1,100
27-May-68,UG,16,1600
27-May-68,WA,5,500
27-May-68,YGF,30,3000
5-Jun-68,AB,5,200
5-Jun-68,ABC,0,0
5-Jun-68,CAC,1,400
5-Jun-68,CDL,8,3200
5-Jun-68,DA,11,440
5-Jun-68,DAC,0,0
5-Jun-68,DI,4,1600
5-Jun-68,DM,2,80
5-Jun-68,DMC,8,320
5-Jun-68,FA,6,240
5-Jun-68,FAC,90,3600
5-Jun-68,MOC,24,9600
5-Jun-68,MOG,3,120
5-Jun-68,NM,1,400
5-Jun-68,NZ,1,40
5-Jun-68,PLL,6,240
5-Jun-68,PMB,3,120
5-Jun-68,RSMN,2,800
5-Jun-68,SAU,24,960
5-Jun-68,SAUD,7,280
5-Jun-68,SCS,317,3962500
5-Jun-68,UG,4,1600
5-Jun-68,WA,2,800
5-Jun-68,YGF,5,2000
11-Jun-68,AB,2,80
11-Jun-68,ABC,8,320
11-Jun-68,CAQ,1,200
11-Jun-68,CDL,7,1400
11-Jun-68,DA,7,280
11-Jun-68,DAC,0,0
11-Jun-68,DI,1,200
11-Jun-68,FA,7,280
11-Jun-68,FAC,105,4200
11-Jun-68,GF,1,200
11-Jun-68,MOC,47,9400
11-Jun-68,MOG,6,240
11-Jun-68,OARI,15,600
11-Jun-68,PLL,11,440
11-Jun-68,PMB,3,120
11-Jun-68,SAU,24,960
11-Jun-68,SAUD,6,240
11-Jun-68,SCS,367,4587500
11-Jun-68,SSAC,1,40
11-Jun-68,TL,1,40
11-Jun-68,UG,3,600
11-Jun-68,WA,19,3800
11-Jun-68,YGF,16,3200
13-Jun-68,AB,4,40
13-Jun-68,ABC,16,160
13-Jun-68,CAC,1,600
13-Jun-68,CDL,50,500
13-Jun-68,CLM,1,10
13-Jun-68,CSX,2,20
13-Jun-68,DA,13,130
13-Jun-68,DAC,0,0
13-Jun-68,DI,6,60
13-Jun-68,DM,25,250
13-Jun-68,DMC,100,1000
13-Jun-68,FA,11,110
13-Jun-68,FAC,165,1650
13-Jun-68,GA,2,20
13-Jun-68,MOC,10,6000
13-Jun-68,MOG,50,500
13-Jun-68,OARI,355,3550
13-Jun-68,PLL,290,2900
13-Jun-68,PMB,4,40
13-Jun-68,SAU,125,1250
13-Jun-68,SAUD,32,320
13-Jun-68,SCS,746,4662500
13-Jun-68,SMX,3,30
13-Jun-68,SSAB,9,90
13-Jun-68,SSAC,7,70
13-Jun-68,SSQ,9,90
13-Jun-68,UG,3,1800
13-Jun-68,WA,2,1200
13-Jun-68,YGF,10,6000
18-Jun-68,CAC,1,665
18-Jun-68,CDL,7,70
18-Jun-68,DA,2,20
18-Jun-68,DAC,6,60
18-Jun-68,DM,3,30
18-Jun-68,DMC,12,120
18-Jun-68,FA,5,50
18-Jun-68,FAC,65,650
18-Jun-68,GA,3,30
18-Jun-68,MOC,24,15960
18-Jun-68,MOG,20,200
18-Jun-68,NM,2,1330
18-Jun-68,OARI,111,1110
18-Jun-68,PLL,19,190
18-Jun-68,PMB,1,10
18-Jun-68,SAA,1,10
18-Jun-68,SAU,41,410
18-Jun-68,SCS,409,5106774
18-Jun-68,SSAC,6,60
18-Jun-68,SSQ,3,30
18-Jun-68,TEC,1,665
18-Jun-68,UG,1,665
18-Jun-68,WA,9,5985
26-Jun-68,AZ,1,10
26-Jun-68,CDL,14,140
26-Jun-68,DA,1,10
26-Jun-68,DAC,3,30
26-Jun-68,DM,1,10
26-Jun-68,DMC,4,40
26-Jun-68,FA,8,80
26-Jun-68,FAC,120,1200
26-Jun-68,MOC,9,5400
26-Jun-68,MOG,14,140
26-Jun-68,OARI,88,880
26-Jun-68,PLL,18,180
26-Jun-68,PMB,2,20
26-Jun-68,RA,2,1200
26-Jun-68,RSMN,2,1200
26-Jun-68,SAU,21,210
26-Jun-68,SAUD,5,50
26-Jun-68,SCS,356,4450000
26-Jun-68,SSAC,1,10
26-Jun-68,SSQ,8,80
26-Jun-68,UG,1,600
26-Jun-68,WA,1,600
26-Jun-68,YGF,2,1200
1-Jul-68,AB,1,10
1-Jul-68,ABC,6,60
1-Jul-68,CDL,2,20
1-Jul-68,CSX,1,10
1-Jul-68,DM,6,60
1-Jul-68,DMC,24,240
1-Jul-68,FA,2,20
1-Jul-68,FAC,0,0
1-Jul-68,MOC,6,3000
1-Jul-68,MOG,2,20
1-Jul-68,NM,1,500
1-Jul-68,NZ,1,10
1-Jul-68,OARI,17,170
1-Jul-68,PLL,31,310
1-Jul-68,RA,15,150
1-Jul-68,SAU,5,50
1-Jul-68,SCS,214,2675000
1-Jul-68,SSAC,4,40
1-Jul-68,SSQ,6,60
1-Jul-68,TS,1,500
1-Jul-68,UG,1,500
1-Jul-68,WA,1,500
1-Jul-68,YGF,6,3000
8-Jul-68,AM,3,15
8-Jul-68,CDL,14,70
8-Jul-68,CSX,11,55
8-Jul-68,DI,2,400
8-Jul-68,DM,16,80
8-Jul-68,DMC,64,320
8-Jul-68,FA,11,55
8-Jul-68,FAC,165,825
8-Jul-68,GA,1,5
8-Jul-68,MOC,135,675
8-Jul-68,MOG,1,5
8-Jul-68,NM,3,600
8-Jul-68,OARI,52,260
8-Jul-68,PE,13,65
8-Jul-68,PLL,3,15
8-Jul-68,PMB,3,15
8-Jul-68,RA,17,85
8-Jul-68,RA,10,2000
8-Jul-68,RSMN,12,2400
8-Jul-68,SAU,2,10
8-Jul-68,SCS,254,3175000
8-Jul-68,SSAC,15,75
8-Jul-68,UG,2,400
8-Jul-68,WA,2,400
8-Jul-68,YGF,23,4600
16-Jul-68,AM,3,75
16-Jul-68,CDL,6,150
16-Jul-68,DM,15,375
16-Jul-68,DMC,60,1500
16-Jul-68,FA,8,200
16-Jul-68,FAC,120,3000
16-Jul-68,GA,1,25
16-Jul-68,NZ,1,25
16-Jul-68,OARI,19,475
16-Jul-68,PLL,25,625
16-Jul-68,RA,6,150
16-Jul-68,RAX,32,800
16-Jul-68,SAU,1,25
16-Jul-68,SCS,329,4112500
16-Jul-68,SSAC,1,25
16-Jul-68,SSQ,7,175
16-Jul-68,TL,1,25
22-Jul-68,AM,5,50
22-Jul-68,CAC,1,100
22-Jul-68,CAQ,2,200
22-Jul-68,CDL,6,60
22-Jul-68,CDL,5,500
22-Jul-68,DA,2,20
22-Jul-68,DAC,6,60
22-Jul-68,DI,13,1300
22-Jul-68,DM,13,130
22-Jul-68,DMC,52,520
22-Jul-68,FA,6,60
22-Jul-68,FAC,90,900
22-Jul-68,GA,1,10
22-Jul-68,GF,4,400
22-Jul-68,KA,1,100
22-Jul-68,MOC,26,2600
22-Jul-68,MOG,7,70
22-Jul-68,NM,15,1500
22-Jul-68,OARI,31,310
22-Jul-68,PLL,3,30
22-Jul-68,PR,1,100
22-Jul-68,RAX,30,300
22-Jul-68,RAX,9,900
22-Jul-68,RAX,2,20
22-Jul-68,SAU,1,10
22-Jul-68,SAUD,1,10
22-Jul-68,SCS,234,2925000
22-Jul-68,SSQ,3,30
22-Jul-68,TEC,1,100
22-Jul-68,TER,2,200
22-Jul-68,TS,3,300
22-Jul-68,UG,29,2900
22-Jul-68,WA,5,500
22-Jul-68,YGF,49,4900
29-Jul-68,AM,12,60
29-Jul-68,CDL,7,1050
29-Jul-68,CSX,2,10
29-Jul-68,DM,187,935
29-Jul-68,DMC,738,3690
29-Jul-68,DS,3,450
29-Jul-68,DS,1,5
29-Jul-68,FA,5,25
29-Jul-68,FAC,75,375
29-Jul-68,GA,1,5
29-Jul-68,GF,2,300
29-Jul-68,MOC,11,1650
29-Jul-68,MOG,13,65
29-Jul-68,NM,10,1500
29-Jul-68,OARI,176,880
29-Jul-68,PE,6,30
29-Jul-68,PLL,590,2950
29-Jul-68,PMB,1,5
29-Jul-68,RAX,21,105
29-Jul-68,RAX,2,300
29-Jul-68,RSMN,1,150
29-Jul-68,SAA,1,5
29-Jul-68,SCS,97,1212500
29-Jul-68,SSAC,10,50
29-Jul-68,SSQ,7,35
29-Jul-68,TMS,1,150
29-Jul-68,UG,25,3750
29-Jul-68,WA,6,900
29-Jul-68,YGF,6,900
5-Aug-68,AM,6,120
5-Aug-68,CDL,7,1778
5-Aug-68,CSX,9,180
5-Aug-68,DM,169,3380
5-Aug-68,DMC,676,13520
5-Aug-68,DS,6,1524
5-Aug-68,FA,1,20
5-Aug-68,FAC,15,300
5-Aug-68,GF,2,508
5-Aug-68,HX,4,1016
5-Aug-68,MM,2,508
5-Aug-68,MMC,8,2032
5-Aug-68,MOC,18,4572
5-Aug-68,MOG,1,20
5-Aug-68,MS,4,1016
5-Aug-68,NM,11,2794
5-Aug-68,OARI,151,3020
5-Aug-68,OOL,2,40
5-Aug-68,OOL,1,254
5-Aug-68,PLL,200,4000
5-Aug-68,RA,1,20
5-Aug-68,RAX,4,80
5-Aug-68,RAX,3,762
5-Aug-68,RSMN,1,254
5-Aug-68,SAA,4,80
5-Aug-68,SCS,126,787500
5-Aug-68,SSAC,2,40
5-Aug-68,TEC,1,254
5-Aug-68,TER,1,254
5-Aug-68,TMS,14,3556
5-Aug-68,UG,55,13970
5-Aug-68,WA,2,508
5-Aug-68,YGF,17,4318
12-Aug-68,AM,13,260
12-Aug-68,CAC,1,130
12-Aug-68,CAQ,1,130
12-Aug-68,CDL,3,390
12-Aug-68,DM,114,2280
12-Aug-68,DMC,456,9120
12-Aug-68,FA,11,220
12-Aug-68,FAC,165,3300
12-Aug-68,GA,1,20
12-Aug-68,GF,9,1170
12-Aug-68,KA,1,130
12-Aug-68,MOC,5,650
12-Aug-68,MOG,1,20
12-Aug-68,MS,7,910
12-Aug-68,NA,3,390
12-Aug-68,NM,4,520
12-Aug-68,OARI,233,4660
12-Aug-68,PE,1,20
12-Aug-68,PY,1,130
12-Aug-68,RAX,8,160
12-Aug-68,RAX,1,130
12-Aug-68,SAA,1,20
12-Aug-68,SI,4,80
12-Aug-68,SSAC,1,20
12-Aug-68,SSQ,3,60
12-Aug-68,TEC,1,130
12-Aug-68,TEM,1,130
12-Aug-68,TMS,1,130
12-Aug-68,UG,18,2340
12-Aug-68,WA,15,1950
19-Aug-68,CAC,2,800
19-Aug-68,CAQ,3,1200
19-Aug-68,CDL,2,800
19-Aug-68,GF,6,2400
19-Aug-68,GM,2,800
19-Aug-68,HX,1,400
19-Aug-68,KA,5,2000
19-Aug-68,MOC,3,1200
19-Aug-68,NM,13,5200
19-Aug-68,OARI,25,25000
19-Aug-68,RAX,22,8800
19-Aug-68,RSMN,7,2800
19-Aug-68,SCS,115,115000
19-Aug-68,TEC,2,800
19-Aug-68,TER,2,800
19-Aug-68,UG,67,26800
19-Aug-68,WA,9,3600
19-Aug-68,YGF,5,2000
26-Aug-68,AM,19,190
26-Aug-68,CAC,1,200
26-Aug-68,CAQ,5,1000
26-Aug-68,CDL,10,2000
26-Aug-68,CSX,6,60
26-Aug-68,CYS,2,400
26-Aug-68,DM,160,1600
26-Aug-68,DMC,640,6400
26-Aug-68,FA,6,60
26-Aug-68,FAC,90,900
26-Aug-68,GF,2,400
26-Aug-68,KA,4,40
26-Aug-68,KA,3,600
26-Aug-68,MOC,7,1400
26-Aug-68,MOG,2,20
26-Aug-68,NM,10,2000
26-Aug-68,OARI,13,2600
26-Aug-68,PE,5,50
26-Aug-68,PLL,45,450
26-Aug-68,PMB,1,10
26-Aug-68,RAX,17,3400
26-Aug-68,RSMN,13,2600
26-Aug-68,SAA,8,80
26-Aug-68,SCS,205,205000
26-Aug-68,SI,5,50
26-Aug-68,SSAC,10,100
26-Aug-68,SSQ,6,60
26-Aug-68,TEC,1,200
26-Aug-68,TL,1,10
26-Aug-68,TS,2,400
26-Aug-68,UG,20,4000
26-Aug-68,YGF,11,2200
3-Sep-68,AB,2,40
3-Sep-68,ABC,12,240
3-Sep-68,AM,15,300
3-Sep-68,CAQ,6,2400
3-Sep-68,CDL,3,1200
3-Sep-68,CSX,17,340
3-Sep-68,DM,26,520
3-Sep-68,DMC,104,2080
3-Sep-68,DS,1,400
3-Sep-68,FA,2,40
3-Sep-68,FAC,30,600
3-Sep-68,GF,4,1600
3-Sep-68,HX,1,400
3-Sep-68,KA,2,800
3-Sep-68,MOG,2,800
3-Sep-68,MR,1,20
3-Sep-68,NM,6,2400
3-Sep-68,NZ,1,20
3-Sep-68,OARI,66,1320
3-Sep-68,PE,7,140
3-Sep-68,PLL,12,240
3-Sep-68,RAX,9,3600
3-Sep-68,RSMN,8,3200
3-Sep-68,SAU,1,20
3-Sep-68,SCS,74,185000
3-Sep-68,SI,2,40
3-Sep-68,SSAC,4,80
3-Sep-68,SSQ,5,100
3-Sep-68,TEC,6,2400
3-Sep-68,TL,2,40
3-Sep-68,UG,27,10800
3-Sep-68,WA,12,4800
3-Sep-68,YGF,1,400
9-Sep-68,AM,2,800
9-Sep-68,CAQ,18,7200
9-Sep-68,CDL,4,1600
9-Sep-68,CDL,3,60
9-Sep-68,CLM,6,2400
9-Sep-68,COB,1,20
9-Sep-68,CSX,7,140
9-Sep-68,DM,64,1280
9-Sep-68,DMC,256,5120
9-Sep-68,DS,140,2800
9-Sep-68,GA,2,40
9-Sep-68,GF,4,1600
9-Sep-68,HX,3,1200
9-Sep-68,KA,1,400
9-Sep-68,MOC,7,2800
9-Sep-68,MOG,3,60
9-Sep-68,NA,2,800
9-Sep-68,NM,3,1200
9-Sep-68,OARI,250,5000
9-Sep-68,PLL,40,800
9-Sep-68,PMB,1,20
9-Sep-68,RAX,23,9200
9-Sep-68,SAU,2,40
9-Sep-68,SCS,103,5150
9-Sep-68,SI,2,40
9-Sep-68,SSAC,4,80
9-Sep-68,SSQ,3,60
9-Sep-68,TEC,3,1200
9-Sep-68,TER,2,800
9-Sep-68,TL,1,20
9-Sep-68,UG,73,29200
9-Sep-68,WA,5,100
17-Sep-68,AM,8,320
17-Sep-68,CAC,1,400
17-Sep-68,CAQ,2,800
17-Sep-68,CDL,12,4800
17-Sep-68,COB,1,40
17-Sep-68,CSX,3,120
17-Sep-68,DM,63,2520
17-Sep-68,DMC,252,10080
17-Sep-68,FA,5,200
17-Sep-68,FAC,75,3000
17-Sep-68,GF,11,4400
17-Sep-68,HX,3,1200
17-Sep-68,MOC,5,2000
17-Sep-68,MR,1,40
17-Sep-68,NA,3,1200
17-Sep-68,NM,2,800
17-Sep-68,OARI,23,9200
17-Sep-68,PE,2,80
17-Sep-68,PLL,13,520
17-Sep-68,RAX,10,4000
17-Sep-68,RSMN,5,2000
17-Sep-68,SAU,1,40
17-Sep-68,SI,8,320
17-Sep-68,SSAC,1,40
17-Sep-68,SSQ,1,40
17-Sep-68,TEC,1,400
17-Sep-68,TER,1,400
17-Sep-68,UG,4,1600
17-Sep-68,WA,10,4000
23-Sep-68,AB,4,160
23-Sep-68,ABC,19,760
23-Sep-68,AM,2,80
23-Sep-68,CAC,1,100
23-Sep-68,CDL,37,7400
23-Sep-68,COB,1,40
23-Sep-68,CSX,1,40
23-Sep-68,DM,70,2800
23-Sep-68,DMC,280,11200
23-Sep-68,GF,17,1700
23-Sep-68,HX,8,800
23-Sep-68,MM,1,100
23-Sep-68,MMC,8,800
23-Sep-68,MOC,5,500
23-Sep-68,MOG,1,40
23-Sep-68,NA,3,300
23-Sep-68,NM,1,100
23-Sep-68,OARI,145,29000
23-Sep-68,RAX,6,600
23-Sep-68,RSMN,14,1400
23-Sep-68,SAU,1,40
23-Sep-68,SI,1,40
23-Sep-68,SSAC,1,40
23-Sep-68,SSQ,1,40
23-Sep-68,TEC,2,200
23-Sep-68,TL,1,40
23-Sep-68,UG,5,500
23-Sep-68,WA,3,300
23-Sep-68,YGF,1,100
30-Sep-68,CAC,1,400
30-Sep-68,CAG,3,1200
30-Sep-68,CDL,69,27600
30-Sep-68,CDLP,3,1200
30-Sep-68,CSX,3,120
30-Sep-68,DA,1,40
30-Sep-68,DAC,6,240
30-Sep-68,DI,11,4400
30-Sep-68,DM,25,1000
30-Sep-68,DMC,100,4000
30-Sep-68,GF,5,2000
30-Sep-68,HX,3,1200
30-Sep-68,MM,1,400
30-Sep-68,MMC,4,1600
30-Sep-68,MOC,3,1200
30-Sep-68,MOG,3,120
30-Sep-68,OARI,119,30226
30-Sep-68,OOL,2,800
30-Sep-68,PLL,1,40
30-Sep-68,RAX,10,4000
30-Sep-68,RSMN,3,1200
30-Sep-68,SCS,240,60960
30-Sep-68,SI,1,40
30-Sep-68,SSAC,7,280
30-Sep-68,SSQ,1,40
30-Sep-68,TL,2,80
30-Sep-68,UG,5,2000
30-Sep-68,WA,4,160
30-Sep-68,YGF,3,1200
7-Oct-68,AB,1,40
7-Oct-68,ABC,4,160
7-Oct-68,CAG,3,1200
7-Oct-68,CAQ,3,1200
7-Oct-68,CDL,55,11000
7-Oct-68,CSX,8,320
7-Oct-68,DI,14,5600
7-Oct-68,DM,25,1000
7-Oct-68,DMC,100,4000
7-Oct-68,GF,10,4000
7-Oct-68,HX,3,1200
7-Oct-68,KA,6,2400
7-Oct-68,MM,3,1200
7-Oct-68,MMC,6,2400
7-Oct-68,MOC,5,2000
7-Oct-68,MOG,4,160
7-Oct-68,NM,2,800
7-Oct-68,OARI,40,10000
7-Oct-68,OOL,1,400
7-Oct-68,PE,2,80
7-Oct-68,PLL,2,80
7-Oct-68,RAX,11,4400
7-Oct-68,RSMN,3,1200
7-Oct-68,SAU,1,40
7-Oct-68,SCS,162,40500
7-Oct-68,SSAC,4,160
7-Oct-68,SSQ,1,40
7-Oct-68,TER,1,400
7-Oct-68,UG,14,5600
7-Oct-68,WA,8,320
7-Oct-68,YGF,2,800
14-Oct-68,CAC,6,1200
14-Oct-68,CAG,4,800
14-Oct-68,CDL,78,15600
14-Oct-68,CDLP,3,600
14-Oct-68,CSX,3,120
14-Oct-68,DI,21,4200
14-Oct-68,DM,4,160
14-Oct-68,DMC,16,640
14-Oct-68,GF,6,1200
14-Oct-68,HX,5,1000
14-Oct-68,MM,15,3000
14-Oct-68,MMC,58,11600
14-Oct-68,MOC,38,7600
14-Oct-68,NM,2,400
14-Oct-68,OARI,148,3700
14-Oct-68,OOL,5,1000
14-Oct-68,RAX,43,8600
14-Oct-68,RSMN,2,400
14-Oct-68,SCS,136,3400
14-Oct-68,SMX,1,40
14-Oct-68,TEC,1,200
14-Oct-68,TER,1,200
14-Oct-68,TMS,1,200
14-Oct-68,UG,34,6800
14-Oct-68,WA,3,600
14-Oct-68,YGF,3,600
21-Oct-68,AB,3,120
21-Oct-68,ABC,10,400
21-Oct-68,AM,5,200
21-Oct-68,CAQ,1,200
21-Oct-68,CDL,60,24000
21-Oct-68,CSX,6,240
21-Oct-68,DM,9,360
21-Oct-68,DMC,36,1440
21-Oct-68,DS,7,280
21-Oct-68,DSC,64,2560
21-Oct-68,FA,5,200
21-Oct-68,FAC,75,3000
21-Oct-68,GF,8,1600
21-Oct-68,HX,10,2000
21-Oct-68,MM,84,3360
21-Oct-68,MMC,336,13440
21-Oct-68,MOC,11,2200
21-Oct-68,MOG,2,80
21-Oct-68,NM,16,3200
21-Oct-68,NM,2,400
21-Oct-68,OARI,198,9900
21-Oct-68,PLL,9,360
21-Oct-68,RAX,29,5800
21-Oct-68,RSMN,12,2400
21-Oct-68,SAUD,1,40
21-Oct-68,SCS,50,2500
21-Oct-68,SI,1,40
21-Oct-68,SSAC,2,80
21-Oct-68,SSQ,2,80
21-Oct-68,UG,22,4400
21-Oct-68,YGF,1,200
29-Oct-68,AB,3,120
29-Oct-68,ABC,10,400
29-Oct-68,AM,2,80
29-Oct-68,CAG,2,800
29-Oct-68,CAQ,6,2400
29-Oct-68,CDD,10,2000
29-Oct-68,CDL,74,14800
29-Oct-68,CDLP,1,200
29-Oct-68,CSX,4,160
29-Oct-68,DA,1,40
29-Oct-68,DAC,4,160
29-Oct-68,DM,21,840
29-Oct-68,DMC,84,3360
29-Oct-68,FA,1,40
29-Oct-68,FAC,15,600
29-Oct-68,GF,2,800
29-Oct-68,HX,4,1600
29-Oct-68,MM,10,4000
29-Oct-68,MMC,76,30400
29-Oct-68,MOC,6,2400
29-Oct-68,MOG,2,80
29-Oct-68,NM,13,5200
29-Oct-68,OARI,63,12600
29-Oct-68,PE,1,40
29-Oct-68,PLL,1,40
29-Oct-68,RAX,27,10800
29-Oct-68,RSMN,4,1600
29-Oct-68,SCS,60,3000
29-Oct-68,SI,1,40
29-Oct-68,SMX,1,40
29-Oct-68,SSAC,1,40
29-Oct-68,UG,6,2400
4-Nov-68,AB,3,120
4-Nov-68,ABC,11,440
4-Nov-68,CAQ,1,200
4-Nov-68,CDL,50,10000
4-Nov-68,CDLP,7,1400
4-Nov-68,CSX,3,120
4-Nov-68,DA,1,40
4-Nov-68,DAC,4,160
4-Nov-68,DI,1,200
4-Nov-68,DM,5,200
4-Nov-68,DMC,20,800
4-Nov-68,GF,4,800
4-Nov-68,HX,4,800
4-Nov-68,KA,1,200
4-Nov-68,MM,3,600
4-Nov-68,MMC,7,1400
4-Nov-68,MOC,1,200
4-Nov-68,NM,22,4400
4-Nov-68,OARI,141,5640
4-Nov-68,PLL,2,80
4-Nov-68,RAX,13,2600
4-Nov-68,RSMN,7,1400
4-Nov-68,SCS,87,4350
4-Nov-68,SSAC,1,40
4-Nov-68,UG,5,1000
4-Nov-68,WA,5,1000
11-Nov-68,AB,4,160
11-Nov-68,ABC,16,640
11-Nov-68,CDD,1,200
11-Nov-68,CDL,54,10800
11-Nov-68,CDLP,3,600
11-Nov-68,CSX,7,280
11-Nov-68,DI,1,400
11-Nov-68,DM,13,5200
11-Nov-68,DMC,52,20800
11-Nov-68,MM,15,600
11-Nov-68,MMC,140,5600
11-Nov-68,MOC,4,1600
11-Nov-68,MOG,6,240
11-Nov-68,NM,24,9600
11-Nov-68,OARI,79,15800
11-Nov-68,PE,13,5200
11-Nov-68,PLL,2,80
11-Nov-68,RSMN,3,1200
11-Nov-68,SCS,14,700
11-Nov-68,SSAC,1,40
11-Nov-68,SSQ,1,40
11-Nov-68,TL,1,40
11-Nov-68,UG,4,1600
18-Nov-68,AB,1,40
18-Nov-68,ABC,4,160
18-Nov-68,DA,1,40
18-Nov-68,DAC,6,240
18-Nov-68,DM,3,120
18-Nov-68,DMC,12,480
18-Nov-68,MM,7,280
18-Nov-68,MMC,68,2720
18-Nov-68,OARI,201,8040
18-Nov-68,PLL,1,40
18-Nov-68,SCS,1,50
25-Nov-68,AB,3,120
25-Nov-68,ABC,12,480
25-Nov-68,CDL,8,320
25-Nov-68,CSX,10,400
25-Nov-68,DM,6,240
25-Nov-68,DMC,24,960
25-Nov-68,MM,16,640
25-Nov-68,MMC,36,1440
25-Nov-68,OARI,410,16400
9-Dec-68,CDD,11,2200
9-Dec-68,CDL,43,8600
9-Dec-68,DA,1,40
9-Dec-68,DAC,3,120
9-Dec-68,DM,7,2800
9-Dec-68,DMC,48,19200
9-Dec-68,MM,6,240
9-Dec-68,MMC,80,3200
9-Dec-68,MOC,2,800
9-Dec-68,NM,1,400
9-Dec-68,OARI,143,28600
9-Dec-68,PE,14,5600
9-Dec-68,RSMN,1,400
9-Dec-68,SCS,21,8400
9-Dec-68,SD,1,400
9-Dec-68,UG,50,3000
9-Dec-68,YGF,6,2400
18-Dec-68,AB,1,40
18-Dec-68,ABC,4,160
18-Dec-68,CDD,13,2600
18-Dec-68,CDL,78,15600
18-Dec-68,CDLP,8,1600
18-Dec-68,CSX,1,40
18-Dec-68,DI,1,400
18-Dec-68,DM,5,2000
18-Dec-68,DMC,40,16000
18-Dec-68,GF,2,800
18-Dec-68,MM,4,160
18-Dec-68,MMC,52,2080
18-Dec-68,MOC,1,400
18-Dec-68,OARI,226,45200
18-Dec-68,PE,5,2000
18-Dec-68,RSMN,1,400
18-Dec-68,SCS,37,14800
18-Dec-68,SD,2,800
18-Dec-68,UG,77,30800
18-Dec-68,YGF,2,800
30-Dec-68,AB,1,40
30-Dec-68,ABC,4,160
30-Dec-68,CDD,4,1600
30-Dec-68,CDL,65,26000
30-Dec-68,CDLP,4,1600
30-Dec-68,DM,6,2400
30-Dec-68,DMC,36,14400
30-Dec-68,MM,4,160
30-Dec-68,MMC,64,2560
30-Dec-68,MOC,1,400
30-Dec-68,OARI,83,33200
30-Dec-68,PE,5,2000
30-Dec-68,SCS,51,20400
30-Dec-68,UG,45,18000
30-Dec-68,YGF,2,800
4-Jan-68,AB,88,880
4-Jan-68,ABC,352,3520
4-Jan-68,CDL,31,5270
4-Jan-68,CSXX,14,140
4-Jan-68,DMPM,17,170
4-Jan-68,DMCC,62,620
4-Jan-68,FACS,4,40
4-Jan-68,FACC,60,600
4-Jan-68,GF,26,4420
4-Jan-68,MOCM,16,2720
4-Jan-68,MOGI,12,120
4-Jan-68,PLLI,86,860
4-Jan-68,PMBM,1,10
4-Jan-68,RAXX,5,850
4-Jan-68,RSMN,17,2890
4-Jan-68,SAUA,4,40
4-Jan-68,SD,4,40
4-Jan-68,SSAC,1,10
4-Jan-68,SSQA,2,20
4-Jan-68,TEPM,1,170
4-Jan-68,UG,64,10880
4-Jan-68,YGF1,14,2380
16-Jan-68,AB,64,640
16-Jan-68,ABC,256,2560
16-Jan-68,CDL,1,10
16-Jan-68,CSXX,7,70
16-Jan-68,DMPM,11,110
16-Jan-68,DMCC,40,400
16-Jan-68,FACS,5,50
16-Jan-68,FACC,75,750
16-Jan-68,GM,3,30
16-Jan-68,MOGI,10,100
16-Jan-68,NZ,1,10
16-Jan-68,PLLI,23,230
16-Jan-68,SAAS,3,30
16-Jan-68,SAUA,5,50
16-Jan-68,SCS,60,10200
16-Jan-68,SD,1,10
16-Jan-68,SSAC,6,60
16-Jan-68,SSQA,2,20
23-Jan-68,AB,97,970
23-Jan-68,ABC,388,3880
23-Jan-68,CDL,7,2261
23-Jan-68,CLMM,1,10
23-Jan-68,CSXX,31,310
23-Jan-68,YGF3,1,323
23-Jan-68,DAEM,2,20
23-Jan-68,DACC,16,160
23-Jan-68,DMPM,14,140
23-Jan-68,DMCC,36,360
23-Jan-68,FACS,11,110
23-Jan-68,FACC,165,1650
23-Jan-68,GF,6,1938
23-Jan-68,GM,7,70
23-Jan-68,MOCM,5,1615
23-Jan-68,MOGI,13,130
23-Jan-68,PLLI,68,680
23-Jan-68,RAXX,2,646
23-Jan-68,RSMN,2,646
23-Jan-68,SAUA,7,70
23-Jan-68,SCS,22,7106
23-Jan-68,SD,7,70
23-Jan-68,SSAC,15,150
23-Jan-68,SSQA,2,20
23-Jan-68,UG,46,14858
23-Jan-68,YGF1,6,1938
30-Jan-68,AB,30,240
30-Jan-68,ABC,142,1136
30-Jan-68,CDL,15,1920
30-Jan-68,CSXX,15,120
30-Jan-68,YGF3,4,512
30-Jan-68,DAEM,4,32
30-Jan-68,DACC,26,208
30-Jan-68,DMPM,49,392
30-Jan-68,DMCC,190,1520
30-Jan-68,FACS,18,144
30-Jan-68,FACC,334,2672
30-Jan-68,GA,1,8
30-Jan-68,GF,6,768
30-Jan-68,GM,2,16
30-Jan-68,HX,2,256
30-Jan-68,MOCM,5,640
30-Jan-68,MOGI,21,168
30-Jan-68,NM,1,128
30-Jan-68,PLLI,103,824
30-Jan-68,RAXX,6,768
30-Jan-68,RSMN,6,768
30-Jan-68,SAUA,12,96
30-Jan-68,SD,3,24
30-Jan-68,SMXX,1,8
30-Jan-68,SSAC,15,120
30-Jan-68,SSQA,5,40
30-Jan-68,TEPM,1,128
30-Jan-68,UG,45,5760
30-Jan-68,YGF1,18,2304
30-Jan-68,YGF4,6,768
5-Feb-68,AB,28,280
5-Feb-68,ABC,107,1070
5-Feb-68,CDL,10,1700
5-Feb-68,CSXX,24,240
5-Feb-68,DAEM,3,30
5-Feb-68,DACC,16,160
5-Feb-68,DMPM,5,50
5-Feb-68,DMCC,20,200
5-Feb-68,FACS,13,130
5-Feb-68,FACC,195,1950
5-Feb-68,GA,1,10
5-Feb-68,GF,5,850
5-Feb-68,GM,6,60
5-Feb-68,MOCM,5,850
5-Feb-68,MOGI,11,110
5-Feb-68,NM,1,170
5-Feb-68,NZ,2,20
5-Feb-68,PLLI,49,490
5-Feb-68,PMBM,4,40
5-Feb-68,RAXX,5,850
5-Feb-68,RSMN,4,680
5-Feb-68,SAAS,1,10
5-Feb-68,SAUA,8,80
5-Feb-68,SD,1,10
5-Feb-68,SSQA,9,90
5-Feb-68,UG,51,8670
5-Feb-68,YGF1,9,1530
12-Feb-68,AB,24,240
12-Feb-68,ABC,124,1240
12-Feb-68,CDL,20,3400
12-Feb-68,CSXX,31,310
12-Feb-68,DAEM,2,20
12-Feb-68,DACC,15,150
12-Feb-68,DMPM,10,100
12-Feb-68,DMCC,40,400
12-Feb-68,FACS,7,70
12-Feb-68,FACC,105,1050
12-Feb-68,GA,2,20
12-Feb-68,GF,1,170
12-Feb-68,GM,13,130
12-Feb-68,HX,2,340
12-Feb-68,KA,4,680
12-Feb-68,MAG,4,40
12-Feb-68,MOCM,4,680
12-Feb-68,MOGI,19,190
12-Feb-68,NZ,1,10
12-Feb-68,PLLI,15,150
12-Feb-68,RAXX,5,850
12-Feb-68,RSMN,15,2550
12-Feb-68,SAUA,25,250
12-Feb-68,SCS,269,182920
12-Feb-68,SD,2,20
12-Feb-68,SSAC,4,40
12-Feb-68,SSQA,11,110
12-Feb-68,UG,77,13090
12-Feb-68,WA,3,510
12-Feb-68,YGF1,6,1020
20-Feb-68,AB,107,1070
20-Feb-68,ABC,287,2870
20-Feb-68,CDL,41,4100
20-Feb-68,CDLP,6,600
20-Feb-68,CSXX,24,240
20-Feb-68,DAEM,1,10
20-Feb-68,DACC,8,80
20-Feb-68,DMPM,9,90
20-Feb-68,DMCC,36,360
20-Feb-68,FACS,17,170
20-Feb-68,FACC,255,2550
20-Feb-68,GF,2,200
20-Feb-68,GM,3,30
20-Feb-68,MOCM,7,700
20-Feb-68,MOGI,4,40
20-Feb-68,PLLI,13,130
20-Feb-68,RSMN,4,400
20-Feb-68,SAAS,1,10
20-Feb-68,SAUA,19,190
20-Feb-68,SSAC,3,30
20-Feb-68,SSQA,8,80
20-Feb-68,UG,52,5200
20-Feb-68,YGF1,4,400
26-Feb-68,AB,224,2240
26-Feb-68,ABC,589,5890
26-Feb-68,CDL,79,7900
26-Feb-68,CDLP,4,400
26-Feb-68,CSXX,13,130
26-Feb-68,DAEM,20,200
26-Feb-68,DACC,53,530
26-Feb-68,DMPM,16,160
26-Feb-68,DMCC,64,640
26-Feb-68,DS,5,50
26-Feb-68,FACS,52,520
26-Feb-68,FACC,780,7800
26-Feb-68,MOCM,2,200
26-Feb-68,MOGI,1,10
26-Feb-68,PE,1,100
26-Feb-68,PLLI,8,80
26-Feb-68,RAXX,2,200
26-Feb-68,RSMN,7,700
26-Feb-68,SAAS,11,110
26-Feb-68,SAUA,63,630
26-Feb-68,SSAC,2,20
26-Feb-68,SSQA,1,10
26-Feb-68,UG,78,7800
26-Feb-68,WA,9,900
26-Feb-68,YGF1,13,1300
4-Mar-68,AB,181,1448
4-Mar-68,ABC,659,5272
4-Mar-68,CACA,1,125
4-Mar-68,CDL,136,17000
4-Mar-68,CDLP,16,2000
4-Mar-68,CSXX,13,104
4-Mar-68,DAEM,17,136
4-Mar-68,DACC,102,816
4-Mar-68,DMPM,6,48
4-Mar-68,DMCC,24,192
4-Mar-68,FACS,63,504
4-Mar-68,FACC,945,7560
4-Mar-68,GF,11,1375
4-Mar-68,GY,12,96
4-Mar-68,HX,1,125
4-Mar-68,KA,1,125
4-Mar-68,MOCM,23,2875
4-Mar-68,MOGI,6,48
4-Mar-68,PLLI,10,80
4-Mar-68,RAXX,3,375
4-Mar-68,RSMN,9,1125
4-Mar-68,SAAS,2,16
4-Mar-68,SAUA,120,960
4-Mar-68,SI,1,8
4-Mar-68,SSAC,7,56
4-Mar-68,UG,57,7125
4-Mar-68,WA,6,750
4-Mar-68,YGF1,13,1625
11-Mar-68,AB,88,2024
11-Mar-68,ABC,283,6509
11-Mar-68,CDL,159,15900
11-Mar-68,CDLP,28,2800
11-Mar-68,CSXX,8,184
11-Mar-68,DAEM,12,276
11-Mar-68,DACC,80,1840
11-Mar-68,DMPM,4,92
11-Mar-68,DMCC,16,368
11-Mar-68,DS,4,400
11-Mar-68,FACS,39,897
11-Mar-68,FACC,585,13455
11-Mar-68,GF,4,400
11-Mar-68,GM,2,46
11-Mar-68,HX,1,100
11-Mar-68,MAG,1,23
11-Mar-68,MOCM,21,2100
11-Mar-68,MOGI,1,23
11-Mar-68,NV,4,92
11-Mar-68,NZ,4,92
11-Mar-68,OOLS,1,100
11-Mar-68,PE,3,69
11-Mar-68,PLLI,4,92
11-Mar-68,PMBM,1,23
11-Mar-68,RAXX,1,100
11-Mar-68,RSMN,3,300
11-Mar-68,SAAS,2,46
11-Mar-68,SAUA,55,1265
11-Mar-68,SSQA,1,23
11-Mar-68,TS,2,200
11-Mar-68,UG,36,3600
11-Mar-68,YGF1,8,800
18-Mar-68,AB,54,1836
18-Mar-68,ABC,185,6290
18-Mar-68,CACA,1,170
18-Mar-68,CDD,17,2890
18-Mar-68,CDL,132,22440
18-Mar-68,CDLP,2,340
18-Mar-68,CSXX,5,170
18-Mar-68,DAEM,11,374
18-Mar-68,DACC,53,1802
18-Mar-68,DI,2,340
18-Mar-68,DMPM,4,136
18-Mar-68,DMCC,16,544
18-Mar-68,DS,1,34
18-Mar-68,FACS,23,782
18-Mar-68,FACC,345,11730
18-Mar-68,GF,4,680
18-Mar-68,HX,2,340
18-Mar-68,MAG,2,68
18-Mar-68,MOCM,13,2210
18-Mar-68,MOGI,4,136
18-Mar-68,NZ,3,102
18-Mar-68,RSMN,6,1020
18-Mar-68,SAUA,13,442
18-Mar-68,SAVD,26,884
18-Mar-68,SCS,153,26010
18-Mar-68,SI,1,34
18-Mar-68,SSAC,6,204
18-Mar-68,SSQA,1,34
18-Mar-68,UG,9,1530
18-Mar-68,WA,1,170
18-Mar-68,YGF1,8,1360
25-Mar-68,AB,29,1102
25-Mar-68,ABC,136,5168
25-Mar-68,AM,3,114
25-Mar-68,CDD,9,1395
25-Mar-68,CDL,161,24955
25-Mar-68,CSXX,3,114
25-Mar-68,DAEM,17,646
25-Mar-68,DACC,128,4864
25-Mar-68,DI,2,310
25-Mar-68,DMPM,2,76
25-Mar-68,DMCC,8,304
25-Mar-68,DS,1,38
25-Mar-68,FACS,30,1140
25-Mar-68,FACC,450,17100
25-Mar-68,GM,3,114
25-Mar-68,MAG,1,38
25-Mar-68,MMPM,16,2480
25-Mar-68,MOCM,20,3100
25-Mar-68,MOGI,1,38
25-Mar-68,NZ,3,114
25-Mar-68,PLLI,7,266
25-Mar-68,PMBM,1,38
25-Mar-68,RAXX,2,310
25-Mar-68,RSMN,2,310
25-Mar-68,SAUA,13,494
25-Mar-68,SAVD,35,1330
25-Mar-68,SMXX,1,38
25-Mar-68,SSAC,3,114
25-Mar-68,SSQA,1,38
25-Mar-68,UG,8,1240
25-Mar-68,WA,5,775
25-Mar-68,YGF1,1,155
1-Apr-68,AB,23,1058
1-Apr-68,ABC,90,4140
1-Apr-68,CACA,1,200
1-Apr-68,CAQ,1,200
1-Apr-68,CDL,251,50200
1-Apr-68,DAEM,17,782
1-Apr-68,DACC,130,5980
1-Apr-68,DMPM,3,138
1-Apr-68,DMCC,12,552
1-Apr-68,FACS,33,1518
1-Apr-68,FACC,495,22770
1-Apr-68,GF,5,1000
1-Apr-68,GM,2,92
1-Apr-68,MOCM,112,22400
1-Apr-68,NZ,1,46
1-Apr-68,RSMN,7,1400
1-Apr-68,SAAS,1,46
1-Apr-68,SAUA,12,552
1-Apr-68,SAVD,32,1472
1-Apr-68,SSAC,4,184
1-Apr-68,SSQA,1,46
1-Apr-68,UG,63,12600
1-Apr-68,WA,1,200
1-Apr-68,YGF1,7,1400
8-Apr-68,AB,16,736
8-Apr-68,ABC,79,3634
8-Apr-68,CACA,1,285
8-Apr-68,CDL,149,42465
8-Apr-68,CSXX,2,92
8-Apr-68,DAEM,28,1288
8-Apr-68,DACC,188,8648
8-Apr-68,FACS,25,1150
8-Apr-68,FACC,375,17250
8-Apr-68,GF,1,285
8-Apr-68,GM,1,46
8-Apr-68,MOCM,42,11970
8-Apr-68,NZ,4,184
8-Apr-68,PLLI,2,92
8-Apr-68,SAUA,14,644
8-Apr-68,SAVD,33,1518
8-Apr-68,SCS,284,161880
8-Apr-68,SSAC,7,322
8-Apr-68,SSQA,1,46
8-Apr-68,UG,13,3705
8-Apr-68,WA,1,285
8-Apr-68,YGF1,2,570
22-Apr-68,AB,35,2100
22-Apr-68,ABC,114,6840
22-Apr-68,CDD,31,12400
22-Apr-68,CDL,117,46800
22-Apr-68,DAEM,41,2460
22-Apr-68,DACC,228,13680
22-Apr-68,FACS,46,2760
22-Apr-68,FACC,690,41400
22-Apr-68,GF,1,400
22-Apr-68,GM,2,120
22-Apr-68,MOCM,22,8800
22-Apr-68,MOGI,5,300
22-Apr-68,NZ,3,180
22-Apr-68,PE,1,60
22-Apr-68,PLLI,4,240
22-Apr-68,RSMN,1,400
22-Apr-68,SAUA,28,1680
22-Apr-68,SAVD,22,1320
22-Apr-68,SCS,218,261600
22-Apr-68,SSAC,3,180
22-Apr-68,UG,13,5200
22-Apr-68,WA,2,800
22-Apr-68,YGF1,2,800
29-Apr-68,AB,20,1080
29-Apr-68,ABC,57,3078
29-Apr-68,CACA,2,400
29-Apr-68,CDD,93,18600
29-Apr-68,CDL,61,12200
29-Apr-68,DAEM,32,1728
29-Apr-68,DACC,129,6966
29-Apr-68,DMPM,3,162
29-Apr-68,DMCC,12,648
29-Apr-68,FACS,23,1242
29-Apr-68,FACC,345,18630
29-Apr-68,GC,1,54
29-Apr-68,GF,1,200
29-Apr-68,MOCM,49,9800
29-Apr-68,NZ,3,162
29-Apr-68,PLLI,6,324
29-Apr-68,RAXX,2,400
29-Apr-68,RSMN,3,600
29-Apr-68,SAAS,11,594
29-Apr-68,SAUA,17,918
29-Apr-68,SAVD,19,1026
29-Apr-68,SCS,207,414000
29-Apr-68,UG,16,3200
29-Apr-68,WA,3,600
29-Apr-68,YGF1,9,1800
6-May-68,AB,13,650
6-May-68,ABC,35,1750
6-May-68,CACA,1,230
6-May-68,CAQ,2,460
6-May-68,CDD,41,9430
6-May-68,CDL,23,5290
6-May-68,DAEM,12,600
6-May-68,DACC,44,2200
6-May-68,FACS,17,850
6-May-68,FACC,255,12750
6-May-68,MOCM,36,8280
6-May-68,MOGI,3,150
6-May-68,NM,1,230
6-May-68,NZ,1,50
6-May-68,PLLI,1,50
6-May-68,RSMN,9,2070
6-May-68,SAUA,18,900
6-May-68,SAVD,11,550
6-May-68,SCS,296,592000
6-May-68,UG,14,3220
6-May-68,WA,2,460
6-May-68,YGF1,5,1150
13-May-68,AB,8,400
13-May-68,ABC,17,850
13-May-68,CDL,6,2400
13-May-68,DAEM,18,900
13-May-68,DACC,40,2000
13-May-68,DI,1,400
13-May-68,FACS,28,1400
13-May-68,FACC,420,21000
13-May-68,GF,8,3200
13-May-68,MOCM,73,29200
13-May-68,MOGI,6,300
13-May-68,NZ,2,100
13-May-68,PLLI,5,250
13-May-68,RSMN,4,1600
13-May-68,SAUA,34,1700
13-May-68,SAVD,18,900
13-May-68,SCS,1080,1350000
13-May-68,SSQA,2,100
13-May-68,TEMM,1,400
13-May-68,UG,8,3200
13-May-68,WA,3,1200
13-May-68,YGF1,1,400
20-May-68,AB,3,168
20-May-68,ABC,8,448
20-May-68,CACA,1,100
20-May-68,CDL,21,2100
20-May-68,CLMM,1,56
20-May-68,CSXX,1,56
20-May-68,DAEM,12,672
20-May-68,DACC,27,1512
20-May-68,DI,3,300
20-May-68,FACS,5,280
20-May-68,FACC,65,3640
20-May-68,GF,3,300
20-May-68,MOCM,121,12100
20-May-68,MOGI,3,168
20-May-68,PLLI,7,392
20-May-68,RSMN,19,1900
20-May-68,SAAS,1,56
20-May-68,SAUA,16,896
20-May-68,SAVD,13,728
20-May-68,SCS,316,979600
20-May-68,SSAC,1,56
20-May-68,UG,22,2200
20-May-68,WA,15,1500
20-May-68,YGF1,11,1100
27-May-68,AB,8,400
27-May-68,ABC,19,950
27-May-68,CDL,21,2100
27-May-68,DAEM,12,600
27-May-68,DACC,37,1850
27-May-68,DI,5,500
27-May-68,FACS,7,350
27-May-68,FACC,105,5250
27-May-68,GF,1,100
27-May-68,MOCM,85,8500
27-May-68,MOGI,6,300
27-May-68,NZ,1,50
27-May-68,PLLI,14,700
27-May-68,RSMN,7,700
27-May-68,SAUA,31,1550
27-May-68,SAVD,25,1250
27-May-68,SCS,183,915000
27-May-68,SSAC,2,100
27-May-68,TECM,1,100
27-May-68,TEMM,1,100
27-May-68,UG,16,1600
27-May-68,WA,5,500
27-May-68,YGF1,30,3000
5-Jun-68,AB,5,200
5-Jun-68,ABC,0,0
5-Jun-68,CACA,1,400
5-Jun-68,CDL,8,3200
5-Jun-68,DAEM,11,440
5-Jun-68,DACC,0,0
5-Jun-68,DI,4,1600
5-Jun-68,DMPM,2,80
5-Jun-68,DMCC,8,320
5-Jun-68,FACS,6,240
5-Jun-68,FACC,90,3600
5-Jun-68,MOCM,24,9600
5-Jun-68,MOGI,3,120
5-Jun-68,NM,1,400
5-Jun-68,NZ,1,40
5-Jun-68,PLLI,6,240
5-Jun-68,PMBM,3,120
5-Jun-68,RSMN,2,800
5-Jun-68,SAUA,24,960
5-Jun-68,SAVD,7,280
5-Jun-68,SCS,317,3962500
5-Jun-68,UG,4,1600
5-Jun-68,WA,2,800
5-Jun-68,YGF1,5,2000
11-Jun-68,AB,2,80
11-Jun-68,ABC,8,320
11-Jun-68,CAQ,1,200
11-Jun-68,CDL,7,1400
11-Jun-68,DAEM,7,280
11-Jun-68,DACC,0,0
11-Jun-68,DI,1,200
11-Jun-68,FACS,7,280
11-Jun-68,FACC,105,4200
11-Jun-68,GF,1,200
11-Jun-68,MOCM,47,9400
11-Jun-68,MOGI,6,240
11-Jun-68,OARI,15,600
11-Jun-68,PLLI,11,440
11-Jun-68,PMBM,3,120
11-Jun-68,SAUA,24,960
11-Jun-68,SAVD,6,240
11-Jun-68,SCS,367,4587500
11-Jun-68,SSAC,1,40
11-Jun-68,TL,1,40
11-Jun-68,UG,3,600
11-Jun-68,WA,19,3800
11-Jun-68,YGF1,16,3200
13-Jun-68,AB,4,40
13-Jun-68,ABC,16,160
13-Jun-68,CACA,1,600
13-Jun-68,CDL,50,500
13-Jun-68,CLMM,1,10
13-Jun-68,CSXX,2,20
13-Jun-68,DAEM,13,130
13-Jun-68,DACC,0,0
13-Jun-68,DI,6,60
13-Jun-68,DMPM,25,250
13-Jun-68,DMCC,100,1000
13-Jun-68,FACS,11,110
13-Jun-68,FACC,165,1650
13-Jun-68,GA,2,20
13-Jun-68,MOCM,10,6000
13-Jun-68,MOGI,50,500
13-Jun-68,OARI,355,3550
13-Jun-68,PLLI,290,2900
13-Jun-68,PMBM,4,40
13-Jun-68,SAUA,125,1250
13-Jun-68,SAVD,32,320
13-Jun-68,SCS,746,4662500
13-Jun-68,SMXX,3,30
13-Jun-68,SSAB,9,90
13-Jun-68,SSAC,7,70
13-Jun-68,SSQA,9,90
13-Jun-68,UG,3,1800
13-Jun-68,WA,2,1200
13-Jun-68,YGF1,10,6000
18-Jun-68,CACA,1,665
18-Jun-68,CDL,7,70
18-Jun-68,DAEM,2,20
18-Jun-68,DACC,6,60
18-Jun-68,DMPM,3,30
18-Jun-68,DMCC,12,120
18-Jun-68,FACS,5,50
18-Jun-68,FACC,65,650
18-Jun-68,GA,3,30
18-Jun-68,MOCM,24,15960
18-Jun-68,MOGI,20,200
18-Jun-68,NM,2,1330
18-Jun-68,OARI,111,1110
18-Jun-68,PLLI,19,190
18-Jun-68,PMBM,1,10
18-Jun-68,SAAS,1,10
18-Jun-68,SAUA,41,410
18-Jun-68,SCS,409,5106774
18-Jun-68,SSAC,6,60
18-Jun-68,SSQA,3,30
18-Jun-68,TECM,1,665
18-Jun-68,UG,1,665
18-Jun-68,WA,9,5985
26-Jun-68,AZ,1,10
26-Jun-68,CDL,14,140
26-Jun-68,DAEM,1,10
26-Jun-68,DACC,3,30
26-Jun-68,DMPM,1,10
26-Jun-68,DMCC,4,40
26-Jun-68,FACS,8,80
26-Jun-68,FACC,120,1200
26-Jun-68,MOCM,9,5400
26-Jun-68,MOGI,14,140
26-Jun-68,OARI,88,880
26-Jun-68,PLLI,18,180
26-Jun-68,PMBM,2,20
26-Jun-68,RA,2,1200
26-Jun-68,RSMN,2,1200
26-Jun-68,SAUA,21,210
26-Jun-68,SAVD,5,50
26-Jun-68,SCS,356,4450000
26-Jun-68,SSAC,1,10
26-Jun-68,SSQA,8,80
26-Jun-68,UG,1,600
26-Jun-68,WA,1,600
26-Jun-68,YGF1,2,1200
1-Jul-68,AB,1,10
1-Jul-68,ABC,6,60
1-Jul-68,CDL,2,20
1-Jul-68,CSXX,1,10
1-Jul-68,DMPM,6,60
1-Jul-68,DMCC,24,240
1-Jul-68,FACS,2,20
1-Jul-68,FACC,0,0
1-Jul-68,MOCM,6,3000
1-Jul-68,MOGI,2,20
1-Jul-68,NM,1,500
1-Jul-68,NZ,1,10
1-Jul-68,OARI,17,170
1-Jul-68,PLLI,31,310
1-Jul-68,RA,15,150
1-Jul-68,SAUA,5,50
1-Jul-68,SCS,214,2675000
1-Jul-68,SSAC,4,40
1-Jul-68,SSQA,6,60
1-Jul-68,TS,1,500
1-Jul-68,UG,1,500
1-Jul-68,WA,1,500
1-Jul-68,YGF1,6,3000
8-Jul-68,AM,3,15
8-Jul-68,CDL,14,70
8-Jul-68,CSXX,11,55
8-Jul-68,DI,2,400
8-Jul-68,DMPM,16,80
8-Jul-68,DMCC,64,320
8-Jul-68,FACS,11,55
8-Jul-68,FACC,165,825
8-Jul-68,GA,1,5
8-Jul-68,MOCM,135,675
8-Jul-68,MOGI,1,5
8-Jul-68,NM,3,600
8-Jul-68,OARI,52,260
8-Jul-68,PE,13,65
8-Jul-68,PLLI,3,15
8-Jul-68,PMBM,3,15
8-Jul-68,RA,17,85
8-Jul-68,RSMN,12,2400
8-Jul-68,SAUA,2,10
8-Jul-68,SCS,254,3175000
8-Jul-68,SSAC,15,75
8-Jul-68,UG,2,400
8-Jul-68,WA,2,400
8-Jul-68,YGF1,23,4600
16-Jul-68,AM,3,75
16-Jul-68,CDL,6,150
16-Jul-68,DMPM,15,375
16-Jul-68,DMCC,60,1500
16-Jul-68,FACS,8,200
16-Jul-68,FACC,120,3000
16-Jul-68,GA,1,25
16-Jul-68,NZ,1,25
16-Jul-68,OARI,19,475
16-Jul-68,PLLI,25,625
16-Jul-68,RA,6,150
16-Jul-68,RAXX,32,800
16-Jul-68,SAUA,1,25
16-Jul-68,SCS,329,4112500
16-Jul-68,SSAC,1,25
16-Jul-68,SSQA,7,175
16-Jul-68,TL,1,25
22-Jul-68,AM,5,50
22-Jul-68,CACA,1,100
22-Jul-68,CAQ,2,200
22-Jul-68,CDL,6,60
22-Jul-68,DAEM,2,20
22-Jul-68,DACC,6,60
22-Jul-68,DI,13,1300
22-Jul-68,DMPM,13,130
22-Jul-68,DMCC,52,520
22-Jul-68,FACS,6,60
22-Jul-68,FACC,90,900
22-Jul-68,GA,1,10
22-Jul-68,GF,4,400
22-Jul-68,KA,1,100
22-Jul-68,MOCM,26,2600
22-Jul-68,MOGI,7,70
22-Jul-68,NM,15,1500
22-Jul-68,OARI,31,310
22-Jul-68,PLLI,3,30
22-Jul-68,PR,1,100
22-Jul-68,RAXX,30,300
22-Jul-68,SAUA,1,10
22-Jul-68,SAVD,1,10
22-Jul-68,SCS,234,2925000
22-Jul-68,SSQA,3,30
22-Jul-68,TECM,1,100
22-Jul-68,TEMM,2,200
22-Jul-68,TS,3,300
22-Jul-68,UG,29,2900
22-Jul-68,WA,5,500
22-Jul-68,YGF1,49,4900
29-Jul-68,AM,12,60
29-Jul-68,CDL,7,1050
29-Jul-68,CSXX,2,10
29-Jul-68,DMPM,187,935
29-Jul-68,DMCC,738,3690
29-Jul-68,DS,3,450
29-Jul-68,FACS,5,25
29-Jul-68,FACC,75,375
29-Jul-68,GA,1,5
29-Jul-68,GF,2,300
29-Jul-68,MOCM,11,1650
29-Jul-68,MOGI,13,65
29-Jul-68,NM,10,1500
29-Jul-68,OARI,176,880
29-Jul-68,PE,6,30
29-Jul-68,PLLI,590,2950
29-Jul-68,PMBM,1,5
29-Jul-68,RAXX,21,105
29-Jul-68,RSMN,1,150
29-Jul-68,SAAS,1,5
29-Jul-68,SCS,97,1212500
29-Jul-68,SSAC,10,50
29-Jul-68,SSQA,7,35
29-Jul-68,TMSE,1,150
29-Jul-68,UG,25,3750
29-Jul-68,WA,6,900
29-Jul-68,YGF1,6,900
5-Aug-68,AM,6,120
5-Aug-68,CDL,7,1778
5-Aug-68,CSXX,9,180
5-Aug-68,DMPM,169,3380
5-Aug-68,DMCC,676,13520
5-Aug-68,DS,6,1524
5-Aug-68,FACS,1,20
5-Aug-68,FACC,15,300
5-Aug-68,GF,2,508
5-Aug-68,HX,4,1016
5-Aug-68,MMPM,2,508
5-Aug-68,MMCC,8,2032
5-Aug-68,MOCM,18,4572
5-Aug-68,MOGI,1,20
5-Aug-68,MS,4,1016
5-Aug-68,NM,11,2794
5-Aug-68,OARI,151,3020
5-Aug-68,OOLS,2,40
5-Aug-68,PLLI,200,4000
5-Aug-68,RA,1,20
5-Aug-68,RAXX,4,80
5-Aug-68,RSMN,1,254
5-Aug-68,SAAS,4,80
5-Aug-68,SCS,126,787500
5-Aug-68,SSAC,2,40
5-Aug-68,TECM,1,254
5-Aug-68,TEMM,1,254
5-Aug-68,TMSE,14,3556
5-Aug-68,UG,55,13970
5-Aug-68,WA,2,508
5-Aug-68,YGF1,17,4318
12-Aug-68,AM,13,260
12-Aug-68,CACA,1,130
12-Aug-68,CAQ,1,130
12-Aug-68,CDL,3,390
12-Aug-68,DMPM,114,2280
12-Aug-68,DMCC,456,9120
12-Aug-68,FACS,11,220
12-Aug-68,FACC,165,3300
12-Aug-68,GA,1,20
12-Aug-68,GF,9,1170
12-Aug-68,KA,1,130
12-Aug-68,MOCM,5,650
12-Aug-68,MOGI,1,20
12-Aug-68,MS,7,910
12-Aug-68,NA,3,390
12-Aug-68,NM,4,520
12-Aug-68,OARI,233,4660
12-Aug-68,PE,1,20
12-Aug-68,PY,1,130
12-Aug-68,RAXX,8,160
12-Aug-68,SAAS,1,20
12-Aug-68,SI,4,80
12-Aug-68,SSAC,1,20
12-Aug-68,SSQA,3,60
12-Aug-68,TECM,1,130
12-Aug-68,TEMM,1,130
12-Aug-68,TMSE,1,130
12-Aug-68,UG,18,2340
12-Aug-68,WA,15,1950
19-Aug-68,CACA,2,800
19-Aug-68,CAQ,3,1200
19-Aug-68,CDL,2,800
19-Aug-68,GF,6,2400
19-Aug-68,GM,2,800
19-Aug-68,HX,1,400
19-Aug-68,KA,5,2000
19-Aug-68,MOCM,3,1200
19-Aug-68,NM,13,5200
19-Aug-68,OARI,25,25000
19-Aug-68,RAXX,22,8800
19-Aug-68,RSMN,7,2800
19-Aug-68,SCS,115,115000
19-Aug-68,TECM,2,800
19-Aug-68,TEMM,2,800
19-Aug-68,UG,67,26800
19-Aug-68,WA,9,3600
19-Aug-68,YGF1,5,2000
26-Aug-68,AM,19,190
26-Aug-68,CACA,1,200
26-Aug-68,CAQ,5,1000
26-Aug-68,CDL,10,2000
26-Aug-68,CSXX,6,60
26-Aug-68,YGF3,2,400
26-Aug-68,DMPM,160,1600
26-Aug-68,DMCC,640,6400
26-Aug-68,FACS,6,60
26-Aug-68,FACC,90,900
26-Aug-68,GF,2,400
26-Aug-68,KA,4,40
26-Aug-68,MOCM,7,1400
26-Aug-68,MOGI,2,20
26-Aug-68,NM,10,2000
26-Aug-68,OARI,13,2600
26-Aug-68,PE,5,50
26-Aug-68,PLLI,45,450
26-Aug-68,PMBM,1,10
26-Aug-68,RAXX,17,3400
26-Aug-68,RSMN,13,2600
26-Aug-68,SAAS,8,80
26-Aug-68,SCS,205,205000
26-Aug-68,SI,5,50
26-Aug-68,SSAC,10,100
26-Aug-68,SSQA,6,60
26-Aug-68,TECM,1,200
26-Aug-68,TL,1,10
26-Aug-68,TS,2,400
26-Aug-68,UG,20,4000
26-Aug-68,YGF1,11,2200
3-Sep-68,AB,2,40
3-Sep-68,ABC,12,240
3-Sep-68,AM,15,300
3-Sep-68,CAQ,6,2400
3-Sep-68,CDL,3,1200
3-Sep-68,CSXX,17,340
3-Sep-68,DMPM,26,520
3-Sep-68,DMCC,104,2080
3-Sep-68,DS,1,400
3-Sep-68,FACS,2,40
3-Sep-68,FACC,30,600
3-Sep-68,GF,4,1600
3-Sep-68,HX,1,400
3-Sep-68,KA,2,800
3-Sep-68,MOGI,2,800
3-Sep-68,MR,1,20
3-Sep-68,NM,6,2400
3-Sep-68,NZ,1,20
3-Sep-68,OARI,66,1320
3-Sep-68,PE,7,140
3-Sep-68,PLLI,12,240
3-Sep-68,RAXX,9,3600
3-Sep-68,RSMN,8,3200
3-Sep-68,SAUA,1,20
3-Sep-68,SCS,74,185000
3-Sep-68,SI,2,40
3-Sep-68,SSAC,4,80
3-Sep-68,SSQA,5,100
3-Sep-68,TECM,6,2400
3-Sep-68,TL,2,40
3-Sep-68,UG,27,10800
3-Sep-68,WA,12,4800
3-Sep-68,YGF1,1,400
9-Sep-68,AM,2,800
9-Sep-68,CAQ,18,7200
9-Sep-68,CDL,4,1600
9-Sep-68,CLMM,6,2400
9-Sep-68,COB,1,20
9-Sep-68,CSXX,7,140
9-Sep-68,DMPM,64,1280
9-Sep-68,DMCC,256,5120
9-Sep-68,DS,140,2800
9-Sep-68,GA,2,40
9-Sep-68,GF,4,1600
9-Sep-68,HX,3,1200
9-Sep-68,KA,1,400
9-Sep-68,MOCM,7,2800
9-Sep-68,MOGI,3,60
9-Sep-68,NA,2,800
9-Sep-68,NM,3,1200
9-Sep-68,OARI,250,5000
9-Sep-68,PLLI,40,800
9-Sep-68,PMBM,1,20
9-Sep-68,RAXX,23,9200
9-Sep-68,SAUA,2,40
9-Sep-68,SCS,103,5150
9-Sep-68,SI,2,40
9-Sep-68,SSAC,4,80
9-Sep-68,SSQA,3,60
9-Sep-68,TECM,3,1200
9-Sep-68,TEMM,2,800
9-Sep-68,TL,1,20
9-Sep-68,UG,73,29200
9-Sep-68,WA,5,100
17-Sep-68,AM,8,320
17-Sep-68,CACA,1,400
17-Sep-68,CAQ,2,800
17-Sep-68,CDL,12,4800
17-Sep-68,COB,1,40
17-Sep-68,CSXX,3,120
17-Sep-68,DMPM,63,2520
17-Sep-68,DMCC,252,10080
17-Sep-68,FACS,5,200
17-Sep-68,FACC,75,3000
17-Sep-68,GF,11,4400
17-Sep-68,HX,3,1200
17-Sep-68,MOCM,5,2000
17-Sep-68,MR,1,40
17-Sep-68,NA,3,1200
17-Sep-68,NM,2,800
17-Sep-68,OARI,23,9200
17-Sep-68,PE,2,80
17-Sep-68,PLLI,13,520
17-Sep-68,RAXX,10,4000
17-Sep-68,RSMN,5,2000
17-Sep-68,SAUA,1,40
17-Sep-68,SI,8,320
17-Sep-68,SSAC,1,40
17-Sep-68,SSQA,1,40
17-Sep-68,TECM,1,400
17-Sep-68,TEMM,1,400
17-Sep-68,UG,4,1600
17-Sep-68,WA,10,4000
23-Sep-68,AB,4,160
23-Sep-68,ABC,19,760
23-Sep-68,AM,2,80
23-Sep-68,CACA,1,100
23-Sep-68,CDL,37,7400
23-Sep-68,COB,1,40
23-Sep-68,CSXX,1,40
23-Sep-68,DMPM,70,2800
23-Sep-68,DMCC,280,11200
23-Sep-68,GF,17,1700
23-Sep-68,HX,8,800
23-Sep-68,MMPM,1,100
23-Sep-68,MMCC,8,800
23-Sep-68,MOCM,5,500
23-Sep-68,MOGI,1,40
23-Sep-68,NA,3,300
23-Sep-68,NM,1,100
23-Sep-68,OARI,145,29000
23-Sep-68,RAXX,6,600
23-Sep-68,RSMN,14,1400
23-Sep-68,SAUA,1,40
23-Sep-68,SI,1,40
23-Sep-68,SSAC,1,40
23-Sep-68,SSQA,1,40
23-Sep-68,TECM,2,200
23-Sep-68,TL,1,40
23-Sep-68,UG,5,500
23-Sep-68,WA,3,300
23-Sep-68,YGF1,1,100
30-Sep-68,CACA,1,400
30-Sep-68,CAGS,3,1200
30-Sep-68,CDL,69,27600
30-Sep-68,CDLP,3,1200
30-Sep-68,CSXX,3,120
30-Sep-68,DAEM,1,40
30-Sep-68,DACC,6,240
30-Sep-68,DI,11,4400
30-Sep-68,DMPM,25,1000
30-Sep-68,DMCC,100,4000
30-Sep-68,GF,5,2000
30-Sep-68,HX,3,1200
30-Sep-68,MMPM,1,400
30-Sep-68,MMCC,4,1600
30-Sep-68,MOCM,3,1200
30-Sep-68,MOGI,3,120
30-Sep-68,OARI,119,30226
30-Sep-68,OOLS,2,800
30-Sep-68,PLLI,1,40
30-Sep-68,RAXX,10,4000
30-Sep-68,RSMN,3,1200
30-Sep-68,SCS,240,60960
30-Sep-68,SI,1,40
30-Sep-68,SSAC,7,280
30-Sep-68,SSQA,1,40
30-Sep-68,TL,2,80
30-Sep-68,UG,5,2000
30-Sep-68,WA,4,160
30-Sep-68,YGF1,3,1200
7-Oct-68,AB,1,40
7-Oct-68,ABC,4,160
7-Oct-68,CAGS,3,1200
7-Oct-68,CAQ,3,1200
7-Oct-68,CDL,55,11000
7-Oct-68,CSXX,8,320
7-Oct-68,DI,14,5600
7-Oct-68,DMPM,25,1000
7-Oct-68,DMCC,100,4000
7-Oct-68,GF,10,4000
7-Oct-68,HX,3,1200
7-Oct-68,KA,6,2400
7-Oct-68,MMPM,3,1200
7-Oct-68,MMCC,6,2400
7-Oct-68,MOCM,5,2000
7-Oct-68,MOGI,4,160
7-Oct-68,NM,2,800
7-Oct-68,OARI,40,10000
7-Oct-68,OOLS,1,400
7-Oct-68,PE,2,80
7-Oct-68,PLLI,2,80
7-Oct-68,RAXX,11,4400
7-Oct-68,RSMN,3,1200
7-Oct-68,SAUA,1,40
7-Oct-68,SCS,162,40500
7-Oct-68,SSAC,4,160
7-Oct-68,SSQA,1,40
7-Oct-68,TEMM,1,400
7-Oct-68,UG,14,5600
7-Oct-68,WA,8,320
7-Oct-68,YGF1,2,800
14-Oct-68,CACA,6,1200
14-Oct-68,CAGS,4,800
14-Oct-68,CDL,78,15600
14-Oct-68,CDLP,3,600
14-Oct-68,CSXX,3,120
14-Oct-68,DI,21,4200
14-Oct-68,DMPM,4,160
14-Oct-68,DMCC,16,640
14-Oct-68,GF,6,1200
14-Oct-68,HX,5,1000
14-Oct-68,MMPM,15,3000
14-Oct-68,MMCC,58,11600
14-Oct-68,MOCM,38,7600
14-Oct-68,NM,2,400
14-Oct-68,OARI,148,3700
14-Oct-68,OOLS,5,1000
14-Oct-68,RAXX,43,8600
14-Oct-68,RSMN,2,400
14-Oct-68,SCS,136,3400
14-Oct-68,SMXX,1,40
14-Oct-68,TECM,1,200
14-Oct-68,TEMM,1,200
14-Oct-68,TMSE,1,200
14-Oct-68,UG,34,6800
14-Oct-68,WA,3,600
14-Oct-68,YGF1,3,600
21-Oct-68,AB,3,120
21-Oct-68,ABC,10,400
21-Oct-68,AM,5,200
21-Oct-68,CAQ,1,200
21-Oct-68,CDL,60,24000
21-Oct-68,CSXX,6,240
21-Oct-68,DMPM,9,360
21-Oct-68,DMCC,36,1440
21-Oct-68,DS,7,280
21-Oct-68,DSCM,64,2560
21-Oct-68,FACS,5,200
21-Oct-68,FACC,75,3000
21-Oct-68,GF,8,1600
21-Oct-68,HX,10,2000
21-Oct-68,MMPM,84,3360
21-Oct-68,MMCC,336,13440
21-Oct-68,MOCM,11,2200
21-Oct-68,MOGI,2,80
21-Oct-68,NM,16,3200
21-Oct-68,OARI,198,9900
21-Oct-68,PLLI,9,360
21-Oct-68,RAXX,29,5800
21-Oct-68,RSMN,12,2400
21-Oct-68,SAVD,1,40
21-Oct-68,SCS,50,2500
21-Oct-68,SI,1,40
21-Oct-68,SSAC,2,80
21-Oct-68,SSQA,2,80
21-Oct-68,UG,22,4400
21-Oct-68,YGF1,1,200
29-Oct-68,AB,3,120
29-Oct-68,ABC,10,400
29-Oct-68,AM,2,80
29-Oct-68,CAGS,2,800
29-Oct-68,CAQ,6,2400
29-Oct-68,CDD,10,2000
29-Oct-68,CDL,74,14800
29-Oct-68,CDLP,1,200
29-Oct-68,CSXX,4,160
29-Oct-68,DAEM,1,40
29-Oct-68,DACC,4,160
29-Oct-68,DMPM,21,840
29-Oct-68,DMCC,84,3360
29-Oct-68,FACS,1,40
29-Oct-68,FACC,15,600
29-Oct-68,GF,2,800
29-Oct-68,HX,4,1600
29-Oct-68,MMPM,10,4000
29-Oct-68,MMCC,76,30400
29-Oct-68,MOCM,6,2400
29-Oct-68,MOGI,2,80
29-Oct-68,NM,13,5200
29-Oct-68,OARI,63,12600
29-Oct-68,PE,1,40
29-Oct-68,PLLI,1,40
29-Oct-68,RAXX,27,10800
29-Oct-68,RSMN,4,1600
29-Oct-68,SCS,60,3000
29-Oct-68,SI,1,40
29-Oct-68,SMXX,1,40
29-Oct-68,SSAC,1,40
29-Oct-68,UG,6,2400
4-Nov-68,AB,3,120
4-Nov-68,ABC,11,440
4-Nov-68,CAQ,1,200
4-Nov-68,CDL,50,10000
4-Nov-68,CDLP,7,1400
4-Nov-68,CSXX,3,120
4-Nov-68,DAEM,1,40
4-Nov-68,DACC,4,160
4-Nov-68,DI,1,200
4-Nov-68,DMPM,5,200
4-Nov-68,DMCC,20,800
4-Nov-68,GF,4,800
4-Nov-68,HX,4,800
4-Nov-68,KA,1,200
4-Nov-68,MMPM,3,600
4-Nov-68,MMCC,7,1400
4-Nov-68,MOCM,1,200
4-Nov-68,NM,22,4400
4-Nov-68,OARI,141,5640
4-Nov-68,PLLI,2,80
4-Nov-68,RAXX,13,2600
4-Nov-68,RSMN,7,1400
4-Nov-68,SCS,87,4350
4-Nov-68,SSAC,1,40
4-Nov-68,UG,5,1000
4-Nov-68,WA,5,1000
11-Nov-68,AB,4,160
11-Nov-68,ABC,16,640
11-Nov-68,CDD,1,200
11-Nov-68,CDL,54,10800
11-Nov-68,CDLP,3,600
11-Nov-68,CSXX,7,280
11-Nov-68,DI,1,400
11-Nov-68,DMPM,13,5200
11-Nov-68,DMCC,52,20800
11-Nov-68,MMPM,15,600
11-Nov-68,MMCC,140,5600
11-Nov-68,MOCM,4,1600
11-Nov-68,MOGI,6,240
11-Nov-68,NM,24,9600
11-Nov-68,OARI,79,15800
11-Nov-68,PE,13,5200
11-Nov-68,PLLI,2,80
11-Nov-68,RSMN,3,1200
11-Nov-68,SCS,14,700
11-Nov-68,SSAC,1,40
11-Nov-68,SSQA,1,40
11-Nov-68,TL,1,40
11-Nov-68,UG,4,1600
18-Nov-68,AB,1,40
18-Nov-68,ABC,4,160
18-Nov-68,DAEM,1,40
18-Nov-68,DACC,6,240
18-Nov-68,DMPM,3,120
18-Nov-68,DMCC,12,480
18-Nov-68,MMPM,7,280
18-Nov-68,MMCC,68,2720
18-Nov-68,OARI,201,8040
18-Nov-68,PLLI,1,40
18-Nov-68,SCS,1,50
25-Nov-68,AB,3,120
25-Nov-68,ABC,12,480
25-Nov-68,CDL,8,320
25-Nov-68,CSXX,10,400
25-Nov-68,DMPM,6,240
25-Nov-68,DMCC,24,960
25-Nov-68,MMPM,16,640
25-Nov-68,MMCC,36,1440
25-Nov-68,OARI,410,16400
9-Dec-68,CDD,11,2200
9-Dec-68,CDL,43,8600
9-Dec-68,DAEM,1,40
9-Dec-68,DACC,3,120
9-Dec-68,DMPM,7,2800
9-Dec-68,DMCC,48,19200
9-Dec-68,MMPM,6,240
9-Dec-68,MMCC,80,3200
9-Dec-68,MOCM,2,800
9-Dec-68,NM,1,400
9-Dec-68,OARI,143,28600
9-Dec-68,PE,14,5600
9-Dec-68,RSMN,1,400
9-Dec-68,SCS,21,8400
9-Dec-68,SD,1,400
9-Dec-68,UG,50,3000
9-Dec-68,YGF1,6,2400
18-Dec-68,AB,1,40
18-Dec-68,ABC,4,160
18-Dec-68,CDD,13,2600
18-Dec-68,CDL,78,15600
18-Dec-68,CDLP,8,1600
18-Dec-68,CSXX,1,40
18-Dec-68,DI,1,400
18-Dec-68,DMPM,5,2000
18-Dec-68,DMCC,40,16000
18-Dec-68,GF,2,800
18-Dec-68,MMPM,4,160
18-Dec-68,MMCC,52,2080
18-Dec-68,MOCM,1,400
18-Dec-68,OARI,226,45200
18-Dec-68,PE,5,2000
18-Dec-68,RSMN,1,400
18-Dec-68,SCS,37,14800
18-Dec-68,SD,2,800
18-Dec-68,UG,77,30800
18-Dec-68,YGF1,2,800
30-Dec-68,AB,1,40
30-Dec-68,ABC,4,160
30-Dec-68,CDD,4,1600
30-Dec-68,CDL,65,26000
30-Dec-68,CDLP,4,1600
30-Dec-68,DMPM,6,2400
30-Dec-68,DMCC,36,14400
30-Dec-68,MMPM,4,160
30-Dec-68,MMCC,64,2560
30-Dec-68,MOCM,1,400
30-Dec-68,OARI,83,33200
30-Dec-68,PE,5,2000
30-Dec-68,SCS,51,20400
30-Dec-68,UG,45,18000
30-Dec-68,YGF1,2,800
4-Jan-68,AB,88,880
4-Jan-68,ABC,352,3520
4-Jan-68,CDL,31,5270
4-Jan-68,CSXX,14,140
4-Jan-68,DMPM,17,170
4-Jan-68,DMCC,62,620
4-Jan-68,FACS,4,40
4-Jan-68,FACC,60,600
4-Jan-68,GF,26,4420
4-Jan-68,MOCM,16,2720
4-Jan-68,MOGI,12,120
4-Jan-68,PLLI,86,860
4-Jan-68,PMBM,1,10
4-Jan-68,RAXX,5,850
4-Jan-68,RSMN,17,2890
4-Jan-68,SAUA,4,40
4-Jan-68,SD,4,40
4-Jan-68,SSAC,1,10
4-Jan-68,SSQA,2,20
4-Jan-68,TEPM,1,170
4-Jan-68,UG,64,10880
4-Jan-68,YGF1,14,2380
16-Jan-68,AB,64,640
16-Jan-68,ABC,256,2560
16-Jan-68,CDL,1,10
16-Jan-68,CSXX,7,70
16-Jan-68,DMPM,11,110
16-Jan-68,DMCC,40,400
16-Jan-68,FACS,5,50
16-Jan-68,FACC,75,750
16-Jan-68,GM,3,30
16-Jan-68,MOGI,10,100
16-Jan-68,NZ,1,10
16-Jan-68,PLLI,23,230
16-Jan-68,SAAS,3,30
16-Jan-68,SAUA,5,50
16-Jan-68,SCS,60,10200
16-Jan-68,SD,1,10
16-Jan-68,SSAC,6,60
16-Jan-68,SSQA,2,20
23-Jan-68,AB,97,970
23-Jan-68,ABC,388,3880
23-Jan-68,CDL,7,2261
23-Jan-68,CLMM,1,10
23-Jan-68,CSXX,31,310
23-Jan-68,YGF3,1,323
23-Jan-68,DAEM,2,20
23-Jan-68,DACC,16,160
23-Jan-68,DMPM,14,140
23-Jan-68,DMCC,36,360
23-Jan-68,FACS,11,110
23-Jan-68,FACC,165,1650
23-Jan-68,GF,6,1938
23-Jan-68,GM,7,70
23-Jan-68,MOCM,5,1615
23-Jan-68,MOGI,13,130
23-Jan-68,PLLI,68,680
23-Jan-68,RAXX,2,646
23-Jan-68,RSMN,2,646
23-Jan-68,SAUA,7,70
23-Jan-68,SCS,22,7106
23-Jan-68,SD,7,70
23-Jan-68,SSAC,15,150
23-Jan-68,SSQA,2,20
23-Jan-68,UG,46,14858
23-Jan-68,YGF1,6,1938
30-Jan-68,AB,30,240
30-Jan-68,ABC,142,1136
30-Jan-68,CDL,15,1920
30-Jan-68,CSXX,15,120
30-Jan-68,YGF3,4,512
30-Jan-68,DAEM,4,32
30-Jan-68,DACC,26,208
30-Jan-68,DMPM,49,392
30-Jan-68,DMCC,190,1520
30-Jan-68,FACS,18,144
30-Jan-68,FACC,334,2672
30-Jan-68,GA,1,8
30-Jan-68,GF,6,768
30-Jan-68,GM,2,16
30-Jan-68,HX,2,256
30-Jan-68,MOCM,5,640
30-Jan-68,MOGI,21,168
30-Jan-68,NM,1,128
30-Jan-68,PLLI,103,824
30-Jan-68,RAXX,6,768
30-Jan-68,RSMN,6,768
30-Jan-68,SAUA,12,96
30-Jan-68,SD,3,24
30-Jan-68,SMXX,1,8
30-Jan-68,SSAC,15,120
30-Jan-68,SSQA,5,40
30-Jan-68,TEPM,1,128
30-Jan-68,UG,45,5760
30-Jan-68,YGF1,18,2304
30-Jan-68,YGF4,6,768
5-Feb-68,AB,28,280
5-Feb-68,ABC,107,1070
5-Feb-68,CDL,10,1700
5-Feb-68,CSXX,24,240
5-Feb-68,DAEM,3,30
5-Feb-68,DACC,16,160
5-Feb-68,DMPM,5,50
5-Feb-68,DMCC,20,200
5-Feb-68,FACS,13,130
5-Feb-68,FACC,195,1950
5-Feb-68,GA,1,10
5-Feb-68,GF,5,850
5-Feb-68,GM,6,60
5-Feb-68,MOCM,5,850
5-Feb-68,MOGI,11,110
5-Feb-68,NM,1,170
5-Feb-68,NZ,2,20
5-Feb-68,PLLI,49,490
5-Feb-68,PMBM,4,40
5-Feb-68,RAXX,5,850
5-Feb-68,RSMN,4,680
5-Feb-68,SAAS,1,10
5-Feb-68,SAUA,8,80
5-Feb-68,SD,1,10
5-Feb-68,SSQA,9,90
5-Feb-68,UG,51,8670
5-Feb-68,YGF1,9,1530
12-Feb-68,AB,24,240
12-Feb-68,ABC,124,1240
12-Feb-68,CDL,20,3400
12-Feb-68,CSXX,31,310
12-Feb-68,DAEM,2,20
12-Feb-68,DACC,15,150
12-Feb-68,DMPM,10,100
12-Feb-68,DMCC,40,400
12-Feb-68,FACS,7,70
12-Feb-68,FACC,105,1050
12-Feb-68,GA,2,20
12-Feb-68,GF,1,170
12-Feb-68,GM,13,130
12-Feb-68,HX,2,340
12-Feb-68,KA,4,680
12-Feb-68,MAG,4,40
12-Feb-68,MOCM,4,680
12-Feb-68,MOGI,19,190
12-Feb-68,NZ,1,10
12-Feb-68,PLLI,15,150
12-Feb-68,RAXX,5,850
12-Feb-68,RSMN,15,2550
12-Feb-68,SAUA,25,250
12-Feb-68,SCS,269,182920
12-Feb-68,SD,2,20
12-Feb-68,SSAC,4,40
12-Feb-68,SSQA,11,110
12-Feb-68,UG,77,13090
12-Feb-68,WA,3,510
12-Feb-68,YGF1,6,1020
20-Feb-68,AB,107,1070
20-Feb-68,ABC,287,2870
20-Feb-68,CDL,41,4100
20-Feb-68,CDLP,6,600
20-Feb-68,CSXX,24,240
20-Feb-68,DAEM,1,10
20-Feb-68,DACC,8,80
20-Feb-68,DMPM,9,90
20-Feb-68,DMCC,36,360
20-Feb-68,FACS,17,170
20-Feb-68,FACC,255,2550
20-Feb-68,GF,2,200
20-Feb-68,GM,3,30
20-Feb-68,MOCM,7,700
20-Feb-68,MOGI,4,40
20-Feb-68,PLLI,13,130
20-Feb-68,RSMN,4,400
20-Feb-68,SAAS,1,10
20-Feb-68,SAUA,19,190
20-Feb-68,SSAC,3,30
20-Feb-68,SSQA,8,80
20-Feb-68,UG,52,5200
20-Feb-68,YGF1,4,400
26-Feb-68,AB,224,2240
26-Feb-68,ABC,589,5890
26-Feb-68,CDL,79,7900
26-Feb-68,CDLP,4,400
26-Feb-68,CSXX,13,130
26-Feb-68,DAEM,20,200
26-Feb-68,DACC,53,530
26-Feb-68,DMPM,16,160
26-Feb-68,DMCC,64,640
26-Feb-68,DS,5,50
26-Feb-68,FACS,52,520
26-Feb-68,FACC,780,7800
26-Feb-68,MOCM,2,200
26-Feb-68,MOGI,1,10
26-Feb-68,PE,1,100
26-Feb-68,PLLI,8,80
26-Feb-68,RAXX,2,200
26-Feb-68,RSMN,7,700
26-Feb-68,SAAS,11,110
26-Feb-68,SAUA,63,630
26-Feb-68,SSAC,2,20
26-Feb-68,SSQA,1,10
26-Feb-68,UG,78,7800
26-Feb-68,WA,9,900
26-Feb-68,YGF1,13,1300
4-Mar-68,AB,181,1448
4-Mar-68,ABC,659,5272
4-Mar-68,CACA,1,125
4-Mar-68,CDL,136,17000
4-Mar-68,CDLP,16,2000
4-Mar-68,CSXX,13,104
4-Mar-68,DAEM,17,136
4-Mar-68,DACC,102,816
4-Mar-68,DMPM,6,48
4-Mar-68,DMCC,24,192
4-Mar-68,FACS,63,504
4-Mar-68,FACC,945,7560
4-Mar-68,GF,11,1375
4-Mar-68,GY,12,96
4-Mar-68,HX,1,125
4-Mar-68,KA,1,125
4-Mar-68,MOCM,23,2875
4-Mar-68,MOGI,6,48
4-Mar-68,PLLI,10,80
4-Mar-68,RAXX,3,375
4-Mar-68,RSMN,9,1125
4-Mar-68,SAAS,2,16
4-Mar-68,SAUA,120,960
4-Mar-68,SI,1,8
4-Mar-68,SSAC,7,56
4-Mar-68,UG,57,7125
4-Mar-68,WA,6,750
4-Mar-68,YGF1,13,1625
11-Mar-68,AB,88,2024
11-Mar-68,ABC,283,6509
11-Mar-68,CDL,159,15900
11-Mar-68,CDLP,28,2800
11-Mar-68,CSXX,8,184
11-Mar-68,DAEM,12,276
11-Mar-68,DACC,80,1840
11-Mar-68,DMPM,4,92
11-Mar-68,DMCC,16,368
11-Mar-68,DS,4,400
11-Mar-68,FACS,39,897
11-Mar-68,FACC,585,13455
11-Mar-68,GF,4,400
11-Mar-68,GM,2,46
11-Mar-68,HX,1,100
11-Mar-68,MAG,1,23
11-Mar-68,MOCM,21,2100
11-Mar-68,MOGI,1,23
11-Mar-68,NV,4,92
11-Mar-68,NZ,4,92
11-Mar-68,OOLS,1,100
11-Mar-68,PE,3,69
11-Mar-68,PLLI,4,92
11-Mar-68,PMBM,1,23
11-Mar-68,RAXX,1,100
11-Mar-68,RSMN,3,300
11-Mar-68,SAAS,2,46
11-Mar-68,SAUA,55,1265
11-Mar-68,SSQA,1,23
11-Mar-68,TS,2,200
11-Mar-68,UG,36,3600
11-Mar-68,YGF1,8,800
18-Mar-68,AB,54,1836
18-Mar-68,ABC,185,6290
18-Mar-68,CACA,1,170
18-Mar-68,CDD,17,2890
18-Mar-68,CDL,132,22440
18-Mar-68,CDLP,2,340
18-Mar-68,CSXX,5,170
18-Mar-68,DAEM,11,374
18-Mar-68,DACC,53,1802
18-Mar-68,DI,2,340
18-Mar-68,DMPM,4,136
18-Mar-68,DMCC,16,544
18-Mar-68,DS,1,34
18-Mar-68,FACS,23,782
18-Mar-68,FACC,345,11730
18-Mar-68,GF,4,680
18-Mar-68,HX,2,340
18-Mar-68,MAG,2,68
18-Mar-68,MOCM,13,2210
18-Mar-68,MOGI,4,136
18-Mar-68,NZ,3,102
18-Mar-68,RSMN,6,1020
18-Mar-68,SAUA,13,442
18-Mar-68,SAVD,26,884
18-Mar-68,SCS,153,26010
18-Mar-68,SI,1,34
18-Mar-68,SSAC,6,204
18-Mar-68,SSQA,1,34
18-Mar-68,UG,9,1530
18-Mar-68,WA,1,170
18-Mar-68,YGF1,8,1360
25-Mar-68,AB,29,1102
25-Mar-68,ABC,136,5168
25-Mar-68,AM,3,114
25-Mar-68,CDD,9,1395
25-Mar-68,CDL,161,24955
25-Mar-68,CSXX,3,114
25-Mar-68,DAEM,17,646
25-Mar-68,DACC,128,4864
25-Mar-68,DI,2,310
25-Mar-68,DMPM,2,76
25-Mar-68,DMCC,8,304
25-Mar-68,DS,1,38
25-Mar-68,FACS,30,1140
25-Mar-68,FACC,450,17100
25-Mar-68,GM,3,114
25-Mar-68,MAG,1,38
25-Mar-68,MMPM,16,2480
25-Mar-68,MOCM,20,3100
25-Mar-68,MOGI,1,38
25-Mar-68,NZ,3,114
25-Mar-68,PLLI,7,266
25-Mar-68,PMBM,1,38
25-Mar-68,RAXX,2,310
25-Mar-68,RSMN,2,310
25-Mar-68,SAUA,13,494
25-Mar-68,SAVD,35,1330
25-Mar-68,SMXX,1,38
25-Mar-68,SSAC,3,114
25-Mar-68,SSQA,1,38
25-Mar-68,UG,8,1240
25-Mar-68,WA,5,775
25-Mar-68,YGF1,1,155
1-Apr-68,AB,23,1058
1-Apr-68,ABC,90,4140
1-Apr-68,CACA,1,200
1-Apr-68,CAQ,1,200
1-Apr-68,CDL,251,50200
1-Apr-68,DAEM,17,782
1-Apr-68,DACC,130,5980
1-Apr-68,DMPM,3,138
1-Apr-68,DMCC,12,552
1-Apr-68,FACS,33,1518
1-Apr-68,FACC,495,22770
1-Apr-68,GF,5,1000
1-Apr-68,GM,2,92
1-Apr-68,MOCM,112,22400
1-Apr-68,NZ,1,46
1-Apr-68,RSMN,7,1400
1-Apr-68,SAAS,1,46
1-Apr-68,SAUA,12,552
1-Apr-68,SAVD,32,1472
1-Apr-68,SSAC,4,184
1-Apr-68,SSQA,1,46
1-Apr-68,UG,63,12600
1-Apr-68,WA,1,200
1-Apr-68,YGF1,7,1400
8-Apr-68,AB,16,736
8-Apr-68,ABC,79,3634
8-Apr-68,CACA,1,285
8-Apr-68,CDL,149,42465
8-Apr-68,CSXX,2,92
8-Apr-68,DAEM,28,1288
8-Apr-68,DACC,188,8648
8-Apr-68,FACS,25,1150
8-Apr-68,FACC,375,17250
8-Apr-68,GF,1,285
8-Apr-68,GM,1,46
8-Apr-68,MOCM,42,11970
8-Apr-68,NZ,4,184
8-Apr-68,PLLI,2,92
8-Apr-68,SAUA,14,644
8-Apr-68,SAVD,33,1518
8-Apr-68,SCS,284,161880
8-Apr-68,SSAC,7,322
8-Apr-68,SSQA,1,46
8-Apr-68,UG,13,3705
8-Apr-68,WA,1,285
8-Apr-68,YGF1,2,570
22-Apr-68,AB,35,2100
22-Apr-68,ABC,114,6840
22-Apr-68,CDD,31,12400
22-Apr-68,CDL,117,46800
22-Apr-68,DAEM,41,2460
22-Apr-68,DACC,228,13680
22-Apr-68,FACS,46,2760
22-Apr-68,FACC,690,41400
22-Apr-68,GF,1,400
22-Apr-68,GM,2,120
22-Apr-68,MOCM,22,8800
22-Apr-68,MOGI,5,300
22-Apr-68,NZ,3,180
22-Apr-68,PE,1,60
22-Apr-68,PLLI,4,240
22-Apr-68,RSMN,1,400
22-Apr-68,SAUA,28,1680
22-Apr-68,SAVD,22,1320
22-Apr-68,SCS,218,261600
22-Apr-68,SSAC,3,180
22-Apr-68,UG,13,5200
22-Apr-68,WA,2,800
22-Apr-68,YGF1,2,800
29-Apr-68,AB,20,1080
29-Apr-68,ABC,57,3078
29-Apr-68,CACA,2,400
29-Apr-68,CDD,93,18600
29-Apr-68,CDL,61,12200
29-Apr-68,DAEM,32,1728
29-Apr-68,DACC,129,6966
29-Apr-68,DMPM,3,162
29-Apr-68,DMCC,12,648
29-Apr-68,FACS,23,1242
29-Apr-68,FACC,345,18630
29-Apr-68,GC,1,54
29-Apr-68,GF,1,200
29-Apr-68,MOCM,49,9800
29-Apr-68,NZ,3,162
29-Apr-68,PLLI,6,324
29-Apr-68,RAXX,2,400
29-Apr-68,RSMN,3,600
29-Apr-68,SAAS,11,594
29-Apr-68,SAUA,17,918
29-Apr-68,SAVD,19,1026
29-Apr-68,SCS,207,414000
29-Apr-68,UG,16,3200
29-Apr-68,WA,3,600
29-Apr-68,YGF1,9,1800
6-May-68,AB,13,650
6-May-68,ABC,35,1750
6-May-68,CACA,1,230
6-May-68,CAQ,2,460
6-May-68,CDD,41,9430
6-May-68,CDL,23,5290
6-May-68,DAEM,12,600
6-May-68,DACC,44,2200
6-May-68,FACS,17,850
6-May-68,FACC,255,12750
6-May-68,MOCM,36,8280
6-May-68,MOGI,3,150
6-May-68,NM,1,230
6-May-68,NZ,1,50
6-May-68,PLLI,1,50
6-May-68,RSMN,9,2070
6-May-68,SAUA,18,900
6-May-68,SAVD,11,550
6-May-68,SCS,296,592000
6-May-68,UG,14,3220
6-May-68,WA,2,460
6-May-68,YGF1,5,1150
13-May-68,AB,8,400
13-May-68,ABC,17,850
13-May-68,CDL,6,2400
13-May-68,DAEM,18,900
13-May-68,DACC,40,2000
13-May-68,DI,1,400
13-May-68,FACS,28,1400
13-May-68,FACC,420,21000
13-May-68,GF,8,3200
13-May-68,MOCM,73,29200
13-May-68,MOGI,6,300
13-May-68,NZ,2,100
13-May-68,PLLI,5,250
13-May-68,RSMN,4,1600
13-May-68,SAUA,34,1700
13-May-68,SAVD,18,900
13-May-68,SCS,1080,1350000
13-May-68,SSQA,2,100
13-May-68,TEMM,1,400
13-May-68,UG,8,3200
13-May-68,WA,3,1200
13-May-68,YGF1,1,400
20-May-68,AB,3,168
20-May-68,ABC,8,448
20-May-68,CACA,1,100
20-May-68,CDL,21,2100
20-May-68,CLMM,1,56
20-May-68,CSXX,1,56
20-May-68,DAEM,12,672
20-May-68,DACC,27,1512
20-May-68,DI,3,300
20-May-68,FACS,5,280
20-May-68,FACC,65,3640
20-May-68,GF,3,300
20-May-68,MOCM,121,12100
20-May-68,MOGI,3,168
20-May-68,PLLI,7,392
20-May-68,RSMN,19,1900
20-May-68,SAAS,1,56
20-May-68,SAUA,16,896
20-May-68,SAVD,13,728
20-May-68,SCS,316,979600
20-May-68,SSAC,1,56
20-May-68,UG,22,2200
20-May-68,WA,15,1500
20-May-68,YGF1,11,1100
27-May-68,AB,8,400
27-May-68,ABC,19,950
27-May-68,CDL,21,2100
27-May-68,DAEM,12,600
27-May-68,DACC,37,1850
27-May-68,DI,5,500
27-May-68,FACS,7,350
27-May-68,FACC,105,5250
27-May-68,GF,1,100
27-May-68,MOCM,85,8500
27-May-68,MOGI,6,300
27-May-68,NZ,1,50
27-May-68,PLLI,14,700
27-May-68,RSMN,7,700
27-May-68,SAUA,31,1550
27-May-68,SAVD,25,1250
27-May-68,SCS,183,915000
27-May-68,SSAC,2,100
27-May-68,TECM,1,100
27-May-68,TEMM,1,100
27-May-68,UG,16,1600
27-May-68,WA,5,500
27-May-68,YGF1,30,3000
5-Jun-68,AB,5,200
5-Jun-68,ABC,0,0
5-Jun-68,CACA,1,400
5-Jun-68,CDL,8,3200
5-Jun-68,DAEM,11,440
5-Jun-68,DACC,0,0
5-Jun-68,DI,4,1600
5-Jun-68,DMPM,2,80
5-Jun-68,DMCC,8,320
5-Jun-68,FACS,6,240
5-Jun-68,FACC,90,3600
5-Jun-68,MOCM,24,9600
5-Jun-68,MOGI,3,120
5-Jun-68,NM,1,400
5-Jun-68,NZ,1,40
5-Jun-68,PLLI,6,240
5-Jun-68,PMBM,3,120
5-Jun-68,RSMN,2,800
5-Jun-68,SAUA,24,960
5-Jun-68,SAVD,7,280
5-Jun-68,SCS,317,3962500
5-Jun-68,UG,4,1600
5-Jun-68,WA,2,800
5-Jun-68,YGF1,5,2000
11-Jun-68,AB,2,80
11-Jun-68,ABC,8,320
11-Jun-68,CAQ,1,200
11-Jun-68,CDL,7,1400
11-Jun-68,DAEM,7,280
11-Jun-68,DACC,0,0
11-Jun-68,DI,1,200
11-Jun-68,FACS,7,280
11-Jun-68,FACC,105,4200
11-Jun-68,GF,1,200
11-Jun-68,MOCM,47,9400
11-Jun-68,MOGI,6,240
11-Jun-68,OARI,15,600
11-Jun-68,PLLI,11,440
11-Jun-68,PMBM,3,120
11-Jun-68,SAUA,24,960
11-Jun-68,SAVD,6,240
11-Jun-68,SCS,367,4587500
11-Jun-68,SSAC,1,40
11-Jun-68,TL,1,40
11-Jun-68,UG,3,600
11-Jun-68,WA,19,3800
11-Jun-68,YGF1,16,3200
13-Jun-68,AB,4,40
13-Jun-68,ABC,16,160
13-Jun-68,CACA,1,600
13-Jun-68,CDL,50,500
13-Jun-68,CLMM,1,10
13-Jun-68,CSXX,2,20
13-Jun-68,DAEM,13,130
13-Jun-68,DACC,0,0
13-Jun-68,DI,6,60
13-Jun-68,DMPM,25,250
13-Jun-68,DMCC,100,1000
13-Jun-68,FACS,11,110
13-Jun-68,FACC,165,1650
13-Jun-68,GA,2,20
13-Jun-68,MOCM,10,6000
13-Jun-68,MOGI,50,500
13-Jun-68,OARI,355,3550
13-Jun-68,PLLI,290,2900
13-Jun-68,PMBM,4,40
13-Jun-68,SAUA,125,1250
13-Jun-68,SAVD,32,320
13-Jun-68,SCS,746,4662500
13-Jun-68,SMXX,3,30
13-Jun-68,SSAB,9,90
13-Jun-68,SSAC,7,70
13-Jun-68,SSQA,9,90
13-Jun-68,UG,3,1800
13-Jun-68,WA,2,1200
13-Jun-68,YGF1,10,6000
18-Jun-68,CACA,1,665
18-Jun-68,CDL,7,70
18-Jun-68,DAEM,2,20
18-Jun-68,DACC,6,60
18-Jun-68,DMPM,3,30
18-Jun-68,DMCC,12,120
18-Jun-68,FACS,5,50
18-Jun-68,FACC,65,650
18-Jun-68,GA,3,30
18-Jun-68,MOCM,24,15960
18-Jun-68,MOGI,20,200
18-Jun-68,NM,2,1330
18-Jun-68,OARI,111,1110
18-Jun-68,PLLI,19,190
18-Jun-68,PMBM,1,10
18-Jun-68,SAAS,1,10
18-Jun-68,SAUA,41,410
18-Jun-68,SCS,409,5106774
18-Jun-68,SSAC,6,60
18-Jun-68,SSQA,3,30
18-Jun-68,TECM,1,665
18-Jun-68,UG,1,665
18-Jun-68,WA,9,5985
26-Jun-68,AZ,1,10
26-Jun-68,CDL,14,140
26-Jun-68,DAEM,1,10
26-Jun-68,DACC,3,30
26-Jun-68,DMPM,1,10
26-Jun-68,DMCC,4,40
26-Jun-68,FACS,8,80
26-Jun-68,FACC,120,1200
26-Jun-68,MOCM,9,5400
26-Jun-68,MOGI,14,140
26-Jun-68,OARI,88,880
26-Jun-68,PLLI,18,180
26-Jun-68,PMBM,2,20
26-Jun-68,RA,2,1200
26-Jun-68,RSMN,2,1200
26-Jun-68,SAUA,21,210
26-Jun-68,SAVD,5,50
26-Jun-68,SCS,356,4450000
26-Jun-68,SSAC,1,10
26-Jun-68,SSQA,8,80
26-Jun-68,UG,1,600
26-Jun-68,WA,1,600
26-Jun-68,YGF1,2,1200
1-Jul-68,AB,1,10
1-Jul-68,ABC,6,60
1-Jul-68,CDL,2,20
1-Jul-68,CSXX,1,10
1-Jul-68,DMPM,6,60
1-Jul-68,DMCC,24,240
1-Jul-68,FACS,2,20
1-Jul-68,FACC,0,0
1-Jul-68,MOCM,6,3000
1-Jul-68,MOGI,2,20
1-Jul-68,NM,1,500
1-Jul-68,NZ,1,10
1-Jul-68,OARI,17,170
1-Jul-68,PLLI,31,310
1-Jul-68,RA,15,150
1-Jul-68,SAUA,5,50
1-Jul-68,SCS,214,2675000
1-Jul-68,SSAC,4,40
1-Jul-68,SSQA,6,60
1-Jul-68,TS,1,500
1-Jul-68,UG,1,500
1-Jul-68,WA,1,500
1-Jul-68,YGF1,6,3000
8-Jul-68,AM,3,15
8-Jul-68,CDL,14,70
8-Jul-68,CSXX,11,55
8-Jul-68,DI,2,400
8-Jul-68,DMPM,16,80
8-Jul-68,DMCC,64,320
8-Jul-68,FACS,11,55
8-Jul-68,FACC,165,825
8-Jul-68,GA,1,5
8-Jul-68,MOCM,135,675
8-Jul-68,MOGI,1,5
8-Jul-68,NM,3,600
8-Jul-68,OARI,52,260
8-Jul-68,PE,13,65
8-Jul-68,PLLI,3,15
8-Jul-68,PMBM,3,15
8-Jul-68,RA,17,85
8-Jul-68,RSMN,12,2400
8-Jul-68,SAUA,2,10
8-Jul-68,SCS,254,3175000
8-Jul-68,SSAC,15,75
8-Jul-68,UG,2,400
8-Jul-68,WA,2,400
8-Jul-68,YGF1,23,4600
16-Jul-68,AM,3,75
16-Jul-68,CDL,6,150
16-Jul-68,DMPM,15,375
16-Jul-68,DMCC,60,1500
16-Jul-68,FACS,8,200
16-Jul-68,FACC,120,3000
16-Jul-68,GA,1,25
16-Jul-68,NZ,1,25
16-Jul-68,OARI,19,475
16-Jul-68,PLLI,25,625
16-Jul-68,RA,6,150
16-Jul-68,RAXX,32,800
16-Jul-68,SAUA,1,25
16-Jul-68,SCS,329,4112500
16-Jul-68,SSAC,1,25
16-Jul-68,SSQA,7,175
16-Jul-68,TL,1,25
22-Jul-68,AM,5,50
22-Jul-68,CACA,1,100
22-Jul-68,CAQ,2,200
22-Jul-68,CDL,6,60
22-Jul-68,DAEM,2,20
22-Jul-68,DACC,6,60
22-Jul-68,DI,13,1300
22-Jul-68,DMPM,13,130
22-Jul-68,DMCC,52,520
22-Jul-68,FACS,6,60
22-Jul-68,FACC,90,900
22-Jul-68,GA,1,10
22-Jul-68,GF,4,400
22-Jul-68,KA,1,100
22-Jul-68,MOCM,26,2600
22-Jul-68,MOGI,7,70
22-Jul-68,NM,15,1500
22-Jul-68,OARI,31,310
22-Jul-68,PLLI,3,30
22-Jul-68,PR,1,100
22-Jul-68,RAXX,30,300
22-Jul-68,SAUA,1,10
22-Jul-68,SAVD,1,10
22-Jul-68,SCS,234,2925000
22-Jul-68,SSQA,3,30
22-Jul-68,TECM,1,100
22-Jul-68,TEMM,2,200
22-Jul-68,TS,3,300
22-Jul-68,UG,29,2900
22-Jul-68,WA,5,500
22-Jul-68,YGF1,49,4900
29-Jul-68,AM,12,60
29-Jul-68,CDL,7,1050
29-Jul-68,CSXX,2,10
29-Jul-68,DMPM,187,935
29-Jul-68,DMCC,738,3690
29-Jul-68,DS,3,450
29-Jul-68,FACS,5,25
29-Jul-68,FACC,75,375
29-Jul-68,GA,1,5
29-Jul-68,GF,2,300
29-Jul-68,MOCM,11,1650
29-Jul-68,MOGI,13,65
29-Jul-68,NM,10,1500
29-Jul-68,OARI,176,880
29-Jul-68,PE,6,30
29-Jul-68,PLLI,590,2950
29-Jul-68,PMBM,1,5
29-Jul-68,RAXX,21,105
29-Jul-68,RSMN,1,150
29-Jul-68,SAAS,1,5
29-Jul-68,SCS,97,1212500
29-Jul-68,SSAC,10,50
29-Jul-68,SSQA,7,35
29-Jul-68,TMSE,1,150
29-Jul-68,UG,25,3750
29-Jul-68,WA,6,900
29-Jul-68,YGF1,6,900
5-Aug-68,AM,6,120
5-Aug-68,CDL,7,1778
5-Aug-68,CSXX,9,180
5-Aug-68,DMPM,169,3380
5-Aug-68,DMCC,676,13520
5-Aug-68,DS,6,1524
5-Aug-68,FACS,1,20
5-Aug-68,FACC,15,300
5-Aug-68,GF,2,508
5-Aug-68,HX,4,1016
5-Aug-68,MMPM,2,508
5-Aug-68,MMCC,8,2032
5-Aug-68,MOCM,18,4572
5-Aug-68,MOGI,1,20
5-Aug-68,MS,4,1016
5-Aug-68,NM,11,2794
5-Aug-68,OARI,151,3020
5-Aug-68,OOLS,2,40
5-Aug-68,PLLI,200,4000
5-Aug-68,RA,1,20
5-Aug-68,RAXX,4,80
5-Aug-68,RSMN,1,254
5-Aug-68,SAAS,4,80
5-Aug-68,SCS,126,787500
5-Aug-68,SSAC,2,40
5-Aug-68,TECM,1,254
5-Aug-68,TEMM,1,254
5-Aug-68,TMSE,14,3556
5-Aug-68,UG,55,13970
5-Aug-68,WA,2,508
5-Aug-68,YGF1,17,4318
12-Aug-68,AM,13,260
12-Aug-68,CACA,1,130
12-Aug-68,CAQ,1,130
12-Aug-68,CDL,3,390
12-Aug-68,DMPM,114,2280
12-Aug-68,DMCC,456,9120
12-Aug-68,FACS,11,220
12-Aug-68,FACC,165,3300
12-Aug-68,GA,1,20
12-Aug-68,GF,9,1170
12-Aug-68,KA,1,130
12-Aug-68,MOCM,5,650
12-Aug-68,MOGI,1,20
12-Aug-68,MS,7,910
12-Aug-68,NA,3,390
12-Aug-68,NM,4,520
12-Aug-68,OARI,233,4660
12-Aug-68,PE,1,20
12-Aug-68,PY,1,130
12-Aug-68,RAXX,8,160
12-Aug-68,SAAS,1,20
12-Aug-68,SI,4,80
12-Aug-68,SSAC,1,20
12-Aug-68,SSQA,3,60
12-Aug-68,TECM,1,130
12-Aug-68,TEMM,1,130
12-Aug-68,TMSE,1,130
12-Aug-68,UG,18,2340
12-Aug-68,WA,15,1950
19-Aug-68,CACA,2,800
19-Aug-68,CAQ,3,1200
19-Aug-68,CDL,2,800
19-Aug-68,GF,6,2400
19-Aug-68,GM,2,800
19-Aug-68,HX,1,400
19-Aug-68,KA,5,2000
19-Aug-68,MOCM,3,1200
19-Aug-68,NM,13,5200
19-Aug-68,OARI,25,25000
19-Aug-68,RAXX,22,8800
19-Aug-68,RSMN,7,2800
19-Aug-68,SCS,115,115000
19-Aug-68,TECM,2,800
19-Aug-68,TEMM,2,800
19-Aug-68,UG,67,26800
19-Aug-68,WA,9,3600
19-Aug-68,YGF1,5,2000
26-Aug-68,AM,19,190
26-Aug-68,CACA,1,200
26-Aug-68,CAQ,5,1000
26-Aug-68,CDL,10,2000
26-Aug-68,CSXX,6,60
26-Aug-68,YGF3,2,400
26-Aug-68,DMPM,160,1600
26-Aug-68,DMCC,640,6400
26-Aug-68,FACS,6,60
26-Aug-68,FACC,90,900
26-Aug-68,GF,2,400
26-Aug-68,KA,4,40
26-Aug-68,MOCM,7,1400
26-Aug-68,MOGI,2,20
26-Aug-68,NM,10,2000
26-Aug-68,OARI,13,2600
26-Aug-68,PE,5,50
26-Aug-68,PLLI,45,450
26-Aug-68,PMBM,1,10
26-Aug-68,RAXX,17,3400
26-Aug-68,RSMN,13,2600
26-Aug-68,SAAS,8,80
26-Aug-68,SCS,205,205000
26-Aug-68,SI,5,50
26-Aug-68,SSAC,10,100
26-Aug-68,SSQA,6,60
26-Aug-68,TECM,1,200
26-Aug-68,TL,1,10
26-Aug-68,TS,2,400
26-Aug-68,UG,20,4000
26-Aug-68,YGF1,11,2200
3-Sep-68,AB,2,40
3-Sep-68,ABC,12,240
3-Sep-68,AM,15,300
3-Sep-68,CAQ,6,2400
3-Sep-68,CDL,3,1200
3-Sep-68,CSXX,17,340
3-Sep-68,DMPM,26,520
3-Sep-68,DMCC,104,2080
3-Sep-68,DS,1,400
3-Sep-68,FACS,2,40
3-Sep-68,FACC,30,600
3-Sep-68,GF,4,1600
3-Sep-68,HX,1,400
3-Sep-68,KA,2,800
3-Sep-68,MOGI,2,800
3-Sep-68,MR,1,20
3-Sep-68,NM,6,2400
3-Sep-68,NZ,1,20
3-Sep-68,OARI,66,1320
3-Sep-68,PE,7,140
3-Sep-68,PLLI,12,240
3-Sep-68,RAXX,9,3600
3-Sep-68,RSMN,8,3200
3-Sep-68,SAUA,1,20
3-Sep-68,SCS,74,185000
3-Sep-68,SI,2,40
3-Sep-68,SSAC,4,80
3-Sep-68,SSQA,5,100
3-Sep-68,TECM,6,2400
3-Sep-68,TL,2,40
3-Sep-68,UG,27,10800
3-Sep-68,WA,12,4800
3-Sep-68,YGF1,1,400
9-Sep-68,AM,2,800
9-Sep-68,CAQ,18,7200
9-Sep-68,CDL,4,1600
9-Sep-68,CLMM,6,2400
9-Sep-68,COB,1,20
9-Sep-68,CSXX,7,140
9-Sep-68,DMPM,64,1280
9-Sep-68,DMCC,256,5120
9-Sep-68,DS,140,2800
9-Sep-68,GA,2,40
9-Sep-68,GF,4,1600
9-Sep-68,HX,3,1200
9-Sep-68,KA,1,400
9-Sep-68,MOCM,7,2800
9-Sep-68,MOGI,3,60
9-Sep-68,NA,2,800
9-Sep-68,NM,3,1200
9-Sep-68,OARI,250,5000
9-Sep-68,PLLI,40,800
9-Sep-68,PMBM,1,20
9-Sep-68,RAXX,23,9200
9-Sep-68,SAUA,2,40
9-Sep-68,SCS,103,5150
9-Sep-68,SI,2,40
9-Sep-68,SSAC,4,80
9-Sep-68,SSQA,3,60
9-Sep-68,TECM,3,1200
9-Sep-68,TEMM,2,800
9-Sep-68,TL,1,20
9-Sep-68,UG,73,29200
9-Sep-68,WA,5,100
17-Sep-68,AM,8,320
17-Sep-68,CACA,1,400
17-Sep-68,CAQ,2,800
17-Sep-68,CDL,12,4800
17-Sep-68,COB,1,40
17-Sep-68,CSXX,3,120
17-Sep-68,DMPM,63,2520
17-Sep-68,DMCC,252,10080
17-Sep-68,FACS,5,200
17-Sep-68,FACC,75,3000
17-Sep-68,GF,11,4400
17-Sep-68,HX,3,1200
17-Sep-68,MOCM,5,2000
17-Sep-68,MR,1,40
17-Sep-68,NA,3,1200
17-Sep-68,NM,2,800
17-Sep-68,OARI,23,9200
17-Sep-68,PE,2,80
17-Sep-68,PLLI,13,520
17-Sep-68,RAXX,10,4000
17-Sep-68,RSMN,5,2000
17-Sep-68,SAUA,1,40
17-Sep-68,SI,8,320
17-Sep-68,SSAC,1,40
17-Sep-68,SSQA,1,40
17-Sep-68,TECM,1,400
17-Sep-68,TEMM,1,400
17-Sep-68,UG,4,1600
17-Sep-68,WA,10,4000
23-Sep-68,AB,4,160
23-Sep-68,ABC,19,760
23-Sep-68,AM,2,80
23-Sep-68,CACA,1,100
23-Sep-68,CDL,37,7400
23-Sep-68,COB,1,40
23-Sep-68,CSXX,1,40
23-Sep-68,DMPM,70,2800
23-Sep-68,DMCC,280,11200
23-Sep-68,GF,17,1700
23-Sep-68,HX,8,800
23-Sep-68,MMPM,1,100
23-Sep-68,MMCC,8,800
23-Sep-68,MOCM,5,500
23-Sep-68,MOGI,1,40
23-Sep-68,NA,3,300
23-Sep-68,NM,1,100
23-Sep-68,OARI,145,29000
23-Sep-68,RAXX,6,600
23-Sep-68,RSMN,14,1400
23-Sep-68,SAUA,1,40
23-Sep-68,SI,1,40
23-Sep-68,SSAC,1,40
23-Sep-68,SSQA,1,40
23-Sep-68,TECM,2,200
23-Sep-68,TL,1,40
23-Sep-68,UG,5,500
23-Sep-68,WA,3,300
23-Sep-68,YGF1,1,100
30-Sep-68,CACA,1,400
30-Sep-68,CAGS,3,1200
30-Sep-68,CDL,69,27600
30-Sep-68,CDLP,3,1200
30-Sep-68,CSXX,3,120
30-Sep-68,DAEM,1,40
30-Sep-68,DACC,6,240
30-Sep-68,DI,11,4400
30-Sep-68,DMPM,25,1000
30-Sep-68,DMCC,100,4000
30-Sep-68,GF,5,2000
30-Sep-68,HX,3,1200
30-Sep-68,MMPM,1,400
30-Sep-68,MMCC,4,1600
30-Sep-68,MOCM,3,1200
30-Sep-68,MOGI,3,120
30-Sep-68,OARI,119,30226
30-Sep-68,OOLS,2,800
30-Sep-68,PLLI,1,40
30-Sep-68,RAXX,10,4000
30-Sep-68,RSMN,3,1200
30-Sep-68,SCS,240,60960
30-Sep-68,SI,1,40
30-Sep-68,SSAC,7,280
30-Sep-68,SSQA,1,40
30-Sep-68,TL,2,80
30-Sep-68,UG,5,2000
30-Sep-68,WA,4,160
30-Sep-68,YGF1,3,1200
7-Oct-68,AB,1,40
7-Oct-68,ABC,4,160
7-Oct-68,CAGS,3,1200
7-Oct-68,CAQ,3,1200
7-Oct-68,CDL,55,11000
7-Oct-68,CSXX,8,320
7-Oct-68,DI,14,5600
7-Oct-68,DMPM,25,1000
7-Oct-68,DMCC,100,4000
7-Oct-68,GF,10,4000
7-Oct-68,HX,3,1200
7-Oct-68,KA,6,2400
7-Oct-68,MMPM,3,1200
7-Oct-68,MMCC,6,2400
7-Oct-68,MOCM,5,2000
7-Oct-68,MOGI,4,160
7-Oct-68,NM,2,800
7-Oct-68,OARI,40,10000
7-Oct-68,OOLS,1,400
7-Oct-68,PE,2,80
7-Oct-68,PLLI,2,80
7-Oct-68,RAXX,11,4400
7-Oct-68,RSMN,3,1200
7-Oct-68,SAUA,1,40
7-Oct-68,SCS,162,40500
7-Oct-68,SSAC,4,160
7-Oct-68,SSQA,1,40
7-Oct-68,TEMM,1,400
7-Oct-68,UG,14,5600
7-Oct-68,WA,8,320
7-Oct-68,YGF1,2,800
14-Oct-68,CACA,6,1200
14-Oct-68,CAGS,4,800
14-Oct-68,CDL,78,15600
14-Oct-68,CDLP,3,600
14-Oct-68,CSXX,3,120
14-Oct-68,DI,21,4200
14-Oct-68,DMPM,4,160
14-Oct-68,DMCC,16,640
14-Oct-68,GF,6,1200
14-Oct-68,HX,5,1000
14-Oct-68,MMPM,15,3000
14-Oct-68,MMCC,58,11600
14-Oct-68,MOCM,38,7600
14-Oct-68,NM,2,400
14-Oct-68,OARI,148,3700
14-Oct-68,OOLS,5,1000
14-Oct-68,RAXX,43,8600
14-Oct-68,RSMN,2,400
14-Oct-68,SCS,136,3400
14-Oct-68,SMXX,1,40
14-Oct-68,TECM,1,200
14-Oct-68,TEMM,1,200
14-Oct-68,TMSE,1,200
14-Oct-68,UG,34,6800
14-Oct-68,WA,3,600
14-Oct-68,YGF1,3,600
21-Oct-68,AB,3,120
21-Oct-68,ABC,10,400
21-Oct-68,AM,5,200
21-Oct-68,CAQ,1,200
21-Oct-68,CDL,60,24000
21-Oct-68,CSXX,6,240
21-Oct-68,DMPM,9,360
21-Oct-68,DMCC,36,1440
21-Oct-68,DS,7,280
21-Oct-68,DSCM,64,2560
21-Oct-68,FACS,5,200
21-Oct-68,FACC,75,3000
21-Oct-68,GF,8,1600
21-Oct-68,HX,10,2000
21-Oct-68,MMPM,84,3360
21-Oct-68,MMCC,336,13440
21-Oct-68,MOCM,11,2200
21-Oct-68,MOGI,2,80
21-Oct-68,NM,16,3200
21-Oct-68,OARI,198,9900
21-Oct-68,PLLI,9,360
21-Oct-68,RAXX,29,5800
21-Oct-68,RSMN,12,2400
21-Oct-68,SAVD,1,40
21-Oct-68,SCS,50,2500
21-Oct-68,SI,1,40
21-Oct-68,SSAC,2,80
21-Oct-68,SSQA,2,80
21-Oct-68,UG,22,4400
21-Oct-68,YGF1,1,200
29-Oct-68,AB,3,120
29-Oct-68,ABC,10,400
29-Oct-68,AM,2,80
29-Oct-68,CAGS,2,800
29-Oct-68,CAQ,6,2400
29-Oct-68,CDD,10,2000
29-Oct-68,CDL,74,14800
29-Oct-68,CDLP,1,200
29-Oct-68,CSXX,4,160
29-Oct-68,DAEM,1,40
29-Oct-68,DACC,4,160
29-Oct-68,DMPM,21,840
29-Oct-68,DMCC,84,3360
29-Oct-68,FACS,1,40
29-Oct-68,FACC,15,600
29-Oct-68,GF,2,800
29-Oct-68,HX,4,1600
29-Oct-68,MMPM,10,4000
29-Oct-68,MMCC,76,30400
29-Oct-68,MOCM,6,2400
29-Oct-68,MOGI,2,80
29-Oct-68,NM,13,5200
29-Oct-68,OARI,63,12600
29-Oct-68,PE,1,40
29-Oct-68,PLLI,1,40
29-Oct-68,RAXX,27,10800
29-Oct-68,RSMN,4,1600
29-Oct-68,SCS,60,3000
29-Oct-68,SI,1,40
29-Oct-68,SMXX,1,40
29-Oct-68,SSAC,1,40
29-Oct-68,UG,6,2400
4-Nov-68,AB,3,120
4-Nov-68,ABC,11,440
4-Nov-68,CAQ,1,200
4-Nov-68,CDL,50,10000
4-Nov-68,CDLP,7,1400
4-Nov-68,CSXX,3,120
4-Nov-68,DAEM,1,40
4-Nov-68,DACC,4,160
4-Nov-68,DI,1,200
4-Nov-68,DMPM,5,200
4-Nov-68,DMCC,20,800
4-Nov-68,GF,4,800
4-Nov-68,HX,4,800
4-Nov-68,KA,1,200
4-Nov-68,MMPM,3,600
4-Nov-68,MMCC,7,1400
4-Nov-68,MOCM,1,200
4-Nov-68,NM,22,4400
4-Nov-68,OARI,141,5640
4-Nov-68,PLLI,2,80
4-Nov-68,RAXX,13,2600
4-Nov-68,RSMN,7,1400
4-Nov-68,SCS,87,4350
4-Nov-68,SSAC,1,40
4-Nov-68,UG,5,1000
4-Nov-68,WA,5,1000
11-Nov-68,AB,4,160
11-Nov-68,ABC,16,640
11-Nov-68,CDD,1,200
11-Nov-68,CDL,54,10800
11-Nov-68,CDLP,3,600
11-Nov-68,CSXX,7,280
11-Nov-68,DI,1,400
11-Nov-68,DMPM,13,5200
11-Nov-68,DMCC,52,20800
11-Nov-68,MMPM,15,600
11-Nov-68,MMCC,140,5600
11-Nov-68,MOCM,4,1600
11-Nov-68,MOGI,6,240
11-Nov-68,NM,24,9600
11-Nov-68,OARI,79,15800
11-Nov-68,PE,13,5200
11-Nov-68,PLLI,2,80
11-Nov-68,RSMN,3,1200
11-Nov-68,SCS,14,700
11-Nov-68,SSAC,1,40
11-Nov-68,SSQA,1,40
11-Nov-68,TL,1,40
11-Nov-68,UG,4,1600
18-Nov-68,AB,1,40
18-Nov-68,ABC,4,160
18-Nov-68,DAEM,1,40
18-Nov-68,DACC,6,240
18-Nov-68,DMPM,3,120
18-Nov-68,DMCC,12,480
18-Nov-68,MMPM,7,280
18-Nov-68,MMCC,68,2720
18-Nov-68,OARI,201,8040
18-Nov-68,PLLI,1,40
18-Nov-68,SCS,1,50
25-Nov-68,AB,3,120
25-Nov-68,ABC,12,480
25-Nov-68,CDL,8,320
25-Nov-68,CSXX,10,400
25-Nov-68,DMPM,6,240
25-Nov-68,DMCC,24,960
25-Nov-68,MMPM,16,640
25-Nov-68,MMCC,36,1440
25-Nov-68,OARI,410,16400
9-Dec-68,CDD,11,2200
9-Dec-68,CDL,43,8600
9-Dec-68,DAEM,1,40
9-Dec-68,DACC,3,120
9-Dec-68,DMPM,7,2800
9-Dec-68,DMCC,48,19200
9-Dec-68,MMPM,6,240
9-Dec-68,MMCC,80,3200
9-Dec-68,MOCM,2,800
9-Dec-68,NM,1,400
9-Dec-68,OARI,143,28600
9-Dec-68,PE,14,5600
9-Dec-68,RSMN,1,400
9-Dec-68,SCS,21,8400
9-Dec-68,SD,1,400
9-Dec-68,UG,50,3000
9-Dec-68,YGF1,6,2400
18-Dec-68,AB,1,40
18-Dec-68,ABC,4,160
18-Dec-68,CDD,13,2600
18-Dec-68,CDL,78,15600
18-Dec-68,CDLP,8,1600
18-Dec-68,CSXX,1,40
18-Dec-68,DI,1,400
18-Dec-68,DMPM,5,2000
18-Dec-68,DMCC,40,16000
18-Dec-68,GF,2,800
18-Dec-68,MMPM,4,160
18-Dec-68,MMCC,52,2080
18-Dec-68,MOCM,1,400
18-Dec-68,OARI,226,45200
18-Dec-68,PE,5,2000
18-Dec-68,RSMN,1,400
18-Dec-68,SCS,37,14800
18-Dec-68,SD,2,800
18-Dec-68,UG,77,30800
18-Dec-68,YGF1,2,800
30-Dec-68,AB,1,40
30-Dec-68,ABC,4,160
30-Dec-68,CDD,4,1600
30-Dec-68,CDL,65,26000
30-Dec-68,CDLP,4,1600
30-Dec-68,DMPM,6,2400
30-Dec-68,DMCC,36,14400
30-Dec-68,MMPM,4,160
30-Dec-68,MMCC,64,2560
30-Dec-68,MOCM,1,400
30-Dec-68,OARI,83,33200
30-Dec-68,PE,5,2000
30-Dec-68,SCS,51,20400
30-Dec-68,UG,45,18000
30-Dec-68,YGF1,2,800
